"max_corr","min_beta","s_null","s_alt","null_intersection","alt_intersection","null","alt","pval_selective","pval_naive"
0.419182313548507,0.374402819638091,12,13,5,5,TRUE,TRUE,0.822869435841974,7.3843270178306e-08
0.478163064229009,0.0570315112971127,16,14,4,4,FALSE,FALSE,0.292287608012054,5.60708643397065e-09
0.536587004022347,0.0483215958929832,24,15,3,3,FALSE,FALSE,0.171416271717338,5.38994841646594e-10
0.545443174235949,0.0313119903469681,14,13,4,4,FALSE,FALSE,0.4799338099004,1.24725774147247e-07
0.415476847996351,0.252547774587278,31,17,4,4,FALSE,FALSE,0.951773018308186,5.40827242971325e-09
0.386369200183155,0.164406676356817,6,12,5,5,TRUE,TRUE,0.743835090188942,1.90535197714069e-07
0.485849336334051,0.185096518718655,23,15,5,5,TRUE,TRUE,0.85046658407412,2.32029922311397e-07
0.433951516325645,0.27781978849939,13,13,5,5,TRUE,TRUE,0.737415045133728,1.0336630330766e-06
0.398583053957823,0.26544282939567,19,14,5,5,TRUE,TRUE,0.613591944432696,3.77462163810084e-09
0.512849704581368,0.523360675400827,23,15,5,5,TRUE,TRUE,0.993869767521645,3.01177956598694e-07
0.453915762053657,0.116172004529223,15,13,4,4,FALSE,FALSE,0.630786900407452,3.13386852979699e-07
0.467138450805987,0.00493306504238311,10,12,3,3,FALSE,FALSE,0.185698973617093,1.53839221410252e-07
0.474258280616628,0.593647446361992,11,13,5,5,TRUE,TRUE,0.280693686785069,2.46695659219678e-08
0.520864591195285,0.992227667566238,12,13,5,5,TRUE,TRUE,0.526332442153111,2.36364016053918e-08
0.420142416462023,1.03501205688401,11,13,5,5,TRUE,TRUE,0.931642191290525,1.37375603305566e-07
0.534373744034696,0.15047844762437,23,15,4,4,FALSE,FALSE,0.369507431028787,1.51846179202751e-07
0.502011681913672,0.227442340764219,14,13,4,4,FALSE,FALSE,0.258619239678145,9.26557752146465e-09
0.499861065912443,0.494885068139083,8,12,5,5,TRUE,TRUE,0.780549032688667,5.48849710685023e-09
0.467073077912306,0.536204251351414,40,18,5,5,TRUE,TRUE,0.318845767694752,1.91832295810734e-07
0.404431704327203,0.157871024878038,16,14,4,4,FALSE,FALSE,0.11241635071581,4.91345759026578e-12
0.530811600917519,0.079957382900439,12,13,3,3,FALSE,FALSE,0.581015963872514,1.99290152718354e-06
0.490316679253687,0.0942116518495657,7,12,3,3,FALSE,FALSE,0.0463588681213585,4.76076915823871e-08
0.512669812597787,0.270310415938628,7,12,3,3,FALSE,FALSE,0.981655384383356,7.54951004844857e-08
0.538775367657219,0.170008276440604,25,15,5,5,TRUE,TRUE,0.397274473150545,1.57051029198759e-06
0.33435764796356,0.285699798591798,13,13,5,5,TRUE,TRUE,0.932296882088429,2.20804968360984e-08
0.444957803484565,0.43348783584439,7,12,5,5,TRUE,TRUE,0.934463491540627,2.83792382696247e-07
0.519650780876102,0.244570068752061,13,13,4,5,FALSE,TRUE,0.593399272542943,1.26836231583305e-07
0.456306660200906,0.409823769061673,11,13,5,5,TRUE,TRUE,0.86551228411485,2.00375005376639e-08
0.459654601496415,0.441795711380781,14,13,5,5,TRUE,TRUE,0.709248644929955,2.6043808881043e-05
0.486291528704952,0.317458296667627,28,16,5,5,TRUE,TRUE,0.59298535364799,1.69852789214332e-07
0.512116186772242,1.13110979443203,12,13,5,5,TRUE,TRUE,0.494042163157695,4.90822877713146e-07
0.45322031859861,0.135249365151829,9,12,4,4,FALSE,FALSE,0.444706086779272,1.62840129262739e-07
0.446417161771008,0.0670272786965764,20,14,4,4,FALSE,FALSE,0.339028647039097,4.47940243268511e-07
0.494787078167903,0.457430825369808,18,14,5,5,TRUE,TRUE,0.293003597660568,8.9690424777285e-10
0.446107385163532,0.076396532331239,8,12,3,3,FALSE,FALSE,0.303153022177133,8.88563771528120e-09
0.510434216508643,0.344435484996667,21,15,5,5,TRUE,TRUE,0.884002994766552,1.25430908226211e-07
0.458701911998344,0.0145813764615277,20,14,4,4,FALSE,FALSE,0.120872371991219,1.22663564632592e-08
0.534977170876261,0.9932173012265,7,12,5,5,TRUE,TRUE,0.28876743304853,2.29442064509758e-07
0.382741511927934,0.350053757617991,11,13,5,5,TRUE,TRUE,0.999366965658074,1.96144095744568e-08
0.430435148538581,0.500416238812399,11,13,5,5,TRUE,TRUE,0.173184637977539,1.67794373580759e-06
0.474565475622965,0.00358541606594009,14,13,4,4,FALSE,FALSE,0.676172332556209,9.62804730726944e-09
0.39077654940246,0.856172339544596,20,14,5,5,TRUE,TRUE,0.0549772005526516,7.37780341736043e-09
0.46659611788581,0.304802996897843,15,13,5,5,TRUE,TRUE,0.503421954918136,4.18863558961093e-09
0.494792013976752,0.121810324801259,13,13,4,4,FALSE,FALSE,0.155127735505664,3.00133056939404e-08
0.423114720062538,1.05528461362682,13,13,5,5,TRUE,TRUE,0.211575052794368,1.84137188431587e-06
0.460370846612568,0.0218616771854525,7,12,3,3,FALSE,FALSE,0.903363346758142,8.62531315554142e-08
0.518554158024474,0.768056396338095,15,13,5,5,TRUE,TRUE,0.745355159586858,1.07381142602523e-08
0.426295162241375,0.453594775485739,11,13,5,5,TRUE,TRUE,0.166808910598422,8.46498775815698e-07
0.405006171108094,0.379965353531948,12,13,5,5,TRUE,TRUE,0.183522718049884,5.04574682411596e-08
0.469208747277877,0.185202124184473,19,14,4,4,FALSE,FALSE,0.895046924415426,1.15330310974593e-09
0.478701203603196,0.299901874358671,18,14,5,5,TRUE,TRUE,0.798446534032466,2.55977819834659e-08
0.490356296506555,0.257533716402718,10,12,4,5,FALSE,TRUE,0.811802847251312,1.16913381996995e-06
0.461799428674881,0.468371945764256,9,12,5,5,TRUE,TRUE,0.0437409802592122,1.2353478582761e-07
0.479468395459284,0.266088465076499,25,15,5,5,TRUE,TRUE,0.835424963232029,8.08608975625878e-08
0.408979705830346,0.36076407391553,12,13,5,5,TRUE,TRUE,0.598431935287411,2.67250077409696e-09
0.421466019647083,0.368883466517497,27,16,5,5,TRUE,TRUE,0.796648552562693,6.9579799650752e-11
0.423736512464445,0.112789155789685,32,17,5,5,TRUE,TRUE,0.802693540419512,2.85215353977575e-08
0.525349041868666,0.190036876948473,36,18,5,5,TRUE,TRUE,0.922629281787158,2.47574846792876e-07
0.482871910217854,0.402777818911194,9,12,4,5,FALSE,TRUE,0.297846512996707,1.35628580752115e-06
0.414134807154446,0.373864526339765,13,13,5,5,TRUE,TRUE,0.886533447298664,1.90999012500861e-06
0.459310495722688,0.11483950724048,16,14,3,3,FALSE,FALSE,0.406278576119013,5.16305854496392e-07
0.463972360638284,0.300333036684727,7,12,4,4,FALSE,FALSE,0.708762555035818,1.09598044089627e-07
0.426030359527728,0.213946101372314,11,13,5,5,TRUE,TRUE,0.861433728349548,4.07893469483609e-08
0.457598551421489,0.307463715773181,7,12,5,5,TRUE,TRUE,0.665819622564973,5.16365450162592e-09
0.365453765048427,1.04631012716156,9,12,5,5,TRUE,TRUE,0.597054231362954,1.1343570251987e-07
0.463898477136832,0.275825097544961,14,13,5,5,TRUE,TRUE,0.272923035328482,1.1464503125593e-08
0.470646997964838,0.38006338827619,15,13,5,5,TRUE,TRUE,0.799312229113649,1.11955861889666e-07
0.498256775786875,0.459912042054745,7,12,5,5,TRUE,TRUE,0.492677419636725,3.34890559517818e-08
0.51839920206489,0.231952238885236,17,14,5,5,TRUE,TRUE,0.537615845741123,1.69206338188964e-06
0.401235866505534,0.195148655351,11,13,4,4,FALSE,FALSE,0.0727478031567753,2.85400123925032e-07
0.470260529855065,0.82767335329113,21,15,5,5,TRUE,TRUE,0.715888888588371,5.35929375933519e-09
0.522883048068416,0.181961177347211,6,12,4,4,FALSE,FALSE,0.940885030245526,5.6337756304087e-08
0.455919901261222,0.0631018041458855,13,13,4,4,FALSE,FALSE,0.162933274655336,3.82092740536896e-07
0.448261225842835,0.852422714536992,15,13,5,5,TRUE,TRUE,0.756719466941931,5.56609370703872e-06
0.42777608321843,0.927720044964405,27,16,5,5,TRUE,TRUE,0.566915246577468,1.79264135553089e-07
0.517105866091524,0.282146483353914,16,14,5,5,TRUE,TRUE,0.437027805865647,2.80450135316072e-08
0.442863249037655,0.0294711184990577,17,14,3,3,FALSE,FALSE,0.592378239483602,5.08334570010185e-07
0.511223347071963,0.429416606509744,28,16,5,5,TRUE,TRUE,0.688143204512933,7.8543118099633e-08
0.434577630538577,0.157565339648535,6,12,4,4,FALSE,FALSE,0.914672887248028,4.88682075901828e-07
0.465439075618101,0.115232036441626,20,14,2,3,FALSE,FALSE,0.90885215475847,3.25538740452653e-09
0.535242488882323,0.503733530821412,11,13,5,5,TRUE,TRUE,0.525948066290034,1.75961309339826e-07
0.394399144008745,0.322498291516594,13,13,5,5,TRUE,TRUE,0.966028096805006,1.18630797325887e-07
0.421310645966663,0.529696871102078,9,12,5,5,TRUE,TRUE,0.269137877512169,4.03805948360281e-08
0.450449772780175,0.287337774356422,16,14,5,5,TRUE,TRUE,0.203920737077937,2.73838051088457e-07
0.458172241161743,0.56138280796996,12,13,5,5,TRUE,TRUE,0.230216053253535,1.96561979295214e-08
0.49101004986437,0.0880570407760946,14,13,4,4,FALSE,FALSE,0.370639918241004,5.33186045700901e-09
0.469257114033425,0.805850957431132,6,12,5,5,TRUE,TRUE,0.263286039034354,7.18424594341656e-09
0.402934101073888,0.437332047839897,17,14,5,5,TRUE,TRUE,0.782091098855064,9.55906932590125e-10
0.497347485679244,0.0483258250289995,18,14,4,4,FALSE,FALSE,0.479728864908679,4.8692539164724e-08
0.48263533488892,1.25545739502067,15,13,5,5,TRUE,TRUE,0.408287714248304,9.26178413233134e-09
0.427580717607863,0.455709779352796,8,12,5,5,TRUE,TRUE,0.274801744787907,2.6131150333575e-07
0.496247126467003,0.111532739177069,6,12,4,4,FALSE,FALSE,0.298726233746627,9.59282014637093e-09
0.447314195289757,0.110826260189494,4,11,3,3,FALSE,FALSE,0.116847851451421,1.40497321972716e-09
0.584057841528458,0.0528085257355531,19,14,4,4,FALSE,FALSE,0.145705762538206,4.93752922643403e-10
0.409515664132089,0.207864001215369,30,16,4,4,FALSE,FALSE,0.129904095637066,6.72130647758736e-12
0.595339988658704,0.00597209046645886,6,12,4,4,FALSE,FALSE,0.619167712004991,7.40931966848605e-10
0.458719077233453,0.0194557476897717,10,12,4,5,FALSE,TRUE,0.96504591959926,6.75683712618717e-06
0.483041596172689,0.86639188328048,32,17,5,5,TRUE,TRUE,0.292280345919002,2.05549332128531e-08
0.502568913519271,0.663998301632621,6,12,5,5,TRUE,TRUE,0.246741338975828,1.23350968230326e-06
0.514831686839869,0.447860099644144,16,14,5,5,TRUE,TRUE,0.320548374202892,1.0482038836258e-09
0.345054658087162,0.413466746453448,16,14,5,5,TRUE,TRUE,0.524780382277154,4.02762588571463e-10
0.506657815731359,0.54662984649162,10,12,5,5,TRUE,TRUE,0.563757658817234,1.10713023911691e-06
0.494383424090819,0.00821971653720865,17,14,4,4,FALSE,FALSE,0.432899601159648,1.85937028131259e-06
0.382801795931937,0.308786196687149,13,13,5,5,TRUE,TRUE,0.64143762727432,3.06523311348983e-06
0.457576662149968,1.10954557051544,9,12,5,5,TRUE,TRUE,0.485770618361689,1.61003443166645e-07
0.475899722384183,0.0947888679141373,11,13,4,4,FALSE,FALSE,0.575699966738547,1.83730270426506e-06
0.459167305275011,0.461354895485988,11,13,5,5,TRUE,TRUE,0.123437981006568,6.2933999754626e-07
0.490216189660015,0.572827043744741,14,13,5,5,TRUE,TRUE,0.0868769829582334,6.09097373214465e-08
0.463030393402093,0.791348157590352,11,13,5,5,TRUE,TRUE,0.49111438497518,6.01529140906036e-08
0.418063654944224,0.717180647229211,31,17,5,5,TRUE,TRUE,0.0857315669272221,7.66725782759809e-08
0.476033634882274,0.358932564653916,7,12,4,4,FALSE,FALSE,0.656817402806387,4.40335262150384e-07
0.453404532213442,0.100677387076639,10,12,4,4,FALSE,FALSE,0.200120220087016,1.03432723552999e-07
0.481655202777321,0.101636648443626,7,12,4,5,FALSE,TRUE,0.761482875353947,5.44375590717007e-08
0.530217415735952,0.560925419598932,8,12,5,5,TRUE,TRUE,0.858358987353997,1.51085208563323e-07
0.511935089110223,0.394087904591645,12,13,5,5,TRUE,TRUE,0.987844612391826,2.14830018358346e-08
0.487365343768316,0.0610208401205798,12,13,3,3,FALSE,FALSE,0.398630513605352,2.64020935219175e-07
0.394964257019627,0.207845356136522,12,13,4,4,FALSE,FALSE,0.196376680822813,1.30529830813747e-09
0.44206452119896,0.841748826923723,10,12,5,5,TRUE,TRUE,0.39769448059633,7.36966764392861e-08
0.441352753896266,0.273233875826152,5,11,5,5,TRUE,TRUE,0.860040370332121,4.37127495118509e-08
0.459824220682976,0.497472195763657,9,12,5,5,TRUE,TRUE,0.417983778385492,9.19140297638568e-08
0.514558306117757,0.4205503276257,18,14,5,5,TRUE,TRUE,0.620831384962073,3.27467624997558e-06
0.492164590021368,0.369600468519353,25,15,5,5,TRUE,TRUE,0.266500132203534,1.10604295085963e-08
0.417041834886649,0.177964738806865,11,13,5,5,TRUE,TRUE,0.267932888321141,4.30409859371177e-07
0.426420438210985,0.577161034580668,10,12,5,5,TRUE,TRUE,0.235519703734029,1.41133727220904e-09
0.467883714032755,0.0906684815089789,8,12,2,3,FALSE,FALSE,0.29123063294991,3.7358656690507e-07
0.525918421121304,0.277029647869563,22,15,5,5,TRUE,TRUE,0.136531386866999,1.26635381234135e-10
0.465782706803728,0.167509583486708,9,12,4,4,FALSE,FALSE,0.722791505084624,5.85506013385478e-08
0.492102069280227,0.335936362360316,16,14,5,5,TRUE,TRUE,0.129972926547569,1.79229512004233e-07
0.398554419650271,0.826415050750209,29,16,5,5,TRUE,TRUE,0.427515217802785,1.20398074469564e-06
0.411485118677376,0.298327775218565,14,13,5,5,TRUE,TRUE,0.17862429500023,2.01952849250756e-08
0.45513885822737,0.230222501765536,17,14,5,5,TRUE,TRUE,0.789771481716439,8.66063149140665e-07
0.462536969851358,0.50279924193915,7,12,5,5,TRUE,TRUE,0.608270169566804,1.3956301571497e-07
0.452535336491464,0.476981536301821,24,15,5,5,TRUE,TRUE,0.894326130178989,4.514983113055e-08
0.495619579164663,0.35487401248277,10,12,5,5,TRUE,TRUE,0.30041177852321,1.99251175877966e-08
0.452655764818409,0.13702891964978,20,14,3,4,FALSE,FALSE,0.969731876843632,7.34468249937103e-09
0.516431768449117,0.160783223212443,11,13,4,4,FALSE,FALSE,0.00396292907064494,1.51292392741274e-06
0.428785363211264,0.093489327338939,16,14,4,4,FALSE,FALSE,0.504409305440887,1.90835726987749e-08
0.574802447972215,1.03885880673365,14,13,5,5,TRUE,TRUE,0.260884489347176,1.31192726328095e-07
0.45562791968306,0.639045563741,17,14,5,5,TRUE,TRUE,0.674751150833827,4.87321197049738e-08
0.376446634088702,0.211337415491739,10,12,5,5,TRUE,TRUE,0.745111211737671,3.859202253844e-08
0.505544034557801,0.0454709877860651,9,12,3,3,FALSE,FALSE,0.688473232886152,7.75476432233073e-08
0.404316804727615,0.546209047923675,12,13,5,5,TRUE,TRUE,0.887448526750275,2.19625183786425e-07
0.577290442359167,0.252106144194975,18,14,3,3,FALSE,FALSE,0.0486031663962496,1.0590927385417e-08
0.529763026904616,0.888915243766822,35,17,5,5,TRUE,TRUE,0.0845362739436831,4.31420828137797e-08
0.402988868979764,0.346434642574379,22,15,4,5,FALSE,TRUE,0.46688668132416,2.1747028657461e-06
0.536557177926672,0.786192386301238,18,14,5,5,TRUE,TRUE,0.602033886592451,4.92171728162531e-06
0.556915318851852,0.0392545136075788,13,13,4,4,FALSE,FALSE,0.627375980128822,2.29595652162614e-08
0.491033532398868,0.0418222110483375,21,15,2,2,FALSE,FALSE,0.320786553437093,1.17951316705811e-09
0.460327116151313,0.194810190359251,13,13,5,5,TRUE,TRUE,0.940896632524502,1.52840220731875e-08
0.37820781473764,0.472375782731492,10,12,5,5,TRUE,TRUE,0.0855533146585127,2.66751612902204e-07
0.423191736673584,0.619161521267517,15,13,5,5,TRUE,TRUE,0.748214378387057,6.72511140738649e-06
0.495831663191123,0.0876971190425102,15,13,4,4,FALSE,FALSE,0.787789961460612,1.96978238842901e-07
0.443871978618839,0.0721279017167638,15,13,3,3,FALSE,FALSE,0.772790839694532,6.19693749729679e-07
0.391309825443657,0.774920076407347,23,15,5,5,TRUE,TRUE,0.0843005776872034,1.9236318119287e-07
0.467303993847168,0.141333471377697,10,12,4,4,FALSE,FALSE,0.776399170210858,1.68113816634503e-07
0.478548040579117,0.382705972437477,21,15,5,5,TRUE,TRUE,0.820185637576575,8.82652898602843e-09
0.419731918586116,0.161559199356547,9,12,4,4,FALSE,FALSE,0.0537334163289908,1.95904423146705e-07
0.42077764072955,0.295244291753232,13,13,5,5,TRUE,TRUE,0.136123924742388,7.76202975911625e-08
0.424581999475985,0.273217950209355,14,13,5,5,TRUE,TRUE,0.34482523534202,7.55902760359772e-09
0.434287951907173,0.283432841988754,7,12,4,4,FALSE,FALSE,0.469914480320641,2.52030358827587e-06
0.467442966686282,0.380136581852196,6,12,5,5,TRUE,TRUE,0.912840510632912,2.25888084776369e-07
0.559930967417259,0.42791612190347,20,14,5,5,TRUE,TRUE,0.83918861254539,1.26524129619754e-05
0.516938165766281,0.874185353012419,34,17,5,5,TRUE,TRUE,0.26976893753166,1.57369465860059e-09
0.428224827232715,0.165603871095368,26,16,4,4,FALSE,FALSE,0.878534725452456,2.20200894743428e-09
0.464019416191977,0.379410737873389,14,13,5,5,TRUE,TRUE,0.622352222079212,2.61773220068439e-07
0.464532478954049,0.230600231318932,12,13,5,5,TRUE,TRUE,0.709002963704792,1.38554183962212e-08
0.494272078065229,0.356981782767039,9,12,5,5,TRUE,TRUE,0.221311127122332,1.63914850721436e-07
0.474209827163546,0.0464255040643051,17,14,5,5,TRUE,TRUE,0.0112655491857642,6.84945444823971e-07
0.473469531699627,0.348452733009627,18,14,5,5,TRUE,TRUE,0.428042492781008,2.56660413856394e-08
0.470648076869927,0.0573638314222165,23,15,4,4,FALSE,FALSE,0.456302135274109,1.4157059692397e-07
0.418580353166454,0.183482086789858,8,12,4,5,FALSE,TRUE,0.374485580718043,1.3045369616906e-06
0.483841992758157,0.00558408469927696,12,13,4,5,FALSE,TRUE,0.0126803984896361,1.16850408490636e-07
0.468719394194771,0.131993240549833,20,14,5,5,TRUE,TRUE,0.316740915855989,1.2716472051673e-07
0.507988078565008,1.05691528875343,29,16,5,5,TRUE,TRUE,0.218930693850931,2.72024831836511e-10
0.590707551988682,0.0127405539737167,5,11,2,4,FALSE,FALSE,0.697975542701462,3.76430000448658e-07
0.415608772418319,0.0139451983619021,7,12,3,4,FALSE,FALSE,0.871574586046323,2.2830820731451e-09
0.485695925431434,0.433728197174022,17,14,5,5,TRUE,TRUE,0.29344272781272,1.21159768404499e-08
0.510422655096633,0.10678318380632,13,13,3,4,FALSE,FALSE,0.943865720919879,1.45650780199138e-06
0.510125763356508,0.914185348467564,13,13,5,5,TRUE,TRUE,0.613456240347832,3.05439064790984e-08
0.523045979165864,0.648478687480923,23,15,5,5,TRUE,TRUE,0.156689655172414,9.5270356655274e-13
0.4399457616521,0.287618266377737,17,14,5,5,TRUE,TRUE,0.309235124562705,2.75952413265303e-06
0.416590717257732,0.253107328118366,13,13,5,5,TRUE,TRUE,0.704459031257738,2.71932500903649e-08
0.487407815601408,0.333933045495784,10,12,5,5,TRUE,TRUE,0.909714465238619,2.61385358636409e-07
0.46938267353474,0.299608004819244,14,13,5,5,TRUE,TRUE,0.910764314977747,5.86533232073561e-07
0.418518407532892,0.134388725262335,20,14,5,5,TRUE,TRUE,0.317589495334319,7.81884253393318e-08
0.355177007520971,0.499930361282433,17,14,5,5,TRUE,TRUE,0.549004693605876,2.67607894977883e-07
0.532511320139084,0.0609278373124518,12,13,3,3,FALSE,FALSE,0.635269975064704,6.94838937398399e-08
0.493299956511078,0.308949152999889,7,12,3,3,FALSE,FALSE,0.169052860814739,1.0317651367851e-10
0.44151673578733,0.335852650426643,11,13,5,5,TRUE,TRUE,0.136712392692264,9.54412666212222e-08
0.527985795758596,0.358700592678441,10,12,4,4,FALSE,FALSE,0.892741053831125,4.69722091722834e-08
0.448866226565072,0.0703386121034693,13,13,4,4,FALSE,FALSE,0.968484449739499,2.42675942544908e-08
0.480822548979321,0.0171715392665193,25,15,4,4,FALSE,FALSE,0.486657905769251,1.16697485466737e-09
0.462830665718989,0.530615365684032,36,18,5,5,TRUE,TRUE,0.38801139357274,2.02731864116625e-09
0.468316266700714,0.0049414450833154,15,13,4,4,FALSE,FALSE,0.455123573585748,1.73902935937561e-08
0.56061980715898,0.0563234844513434,11,13,4,5,FALSE,TRUE,0.92525342454291,7.14902782394554e-09
0.408628037663771,1.03306914653591,8,12,5,5,TRUE,TRUE,0.0023683929763019,2.64320604428942e-07
0.474942426083195,0.261230637863272,51,21,4,4,FALSE,FALSE,0.631578947368421,1.32373034311237e-15
0.484828786869818,0.0879085777059625,13,13,4,4,FALSE,FALSE,0.194881275225896,8.18892443884347e-08
0.503752866967998,0.30786406715301,18,14,5,5,TRUE,TRUE,0.557832844238513,5.56802475962797e-08
0.472040167418539,0.215624554280636,9,12,5,5,TRUE,TRUE,0.531581791469378,6.12536294727227e-08
0.42029066113509,0.256175143011946,5,11,3,3,FALSE,FALSE,0.458866745273072,4.11665282157082e-07
0.509776976529216,0.0875799530690138,9,12,4,4,FALSE,FALSE,0.938771165399761,2.16694554763454e-08
0.482275853244342,0.05365775133502,6,12,4,4,FALSE,FALSE,0.198097724246079,2.57411020624147e-08
0.393522097019247,0.626315868989029,12,13,5,5,TRUE,TRUE,0.219636504962219,5.77099640412555e-07
0.521677106133645,0.173501051051593,22,15,5,5,TRUE,TRUE,0.153957581461113,1.06247337121519e-08
0.45604807240444,0.235048203936318,9,12,4,4,FALSE,FALSE,0.463913656334089,2.98035091143114e-07
0.474894922794814,0.49290360010321,16,14,5,5,TRUE,TRUE,0.192999738389728,4.92054498734824e-07
0.454079898034789,0.103700688474286,7,12,3,3,FALSE,FALSE,0.363034707817458,3.05775047309469e-08
0.539222910616122,0.0924584807901097,13,13,5,5,TRUE,TRUE,0.36653251529348,2.52436690683471e-06
0.472313652687919,0.61219743065002,7,12,5,5,TRUE,TRUE,0.0672392007855857,5.41850443846797e-09
0.425096748754969,1.08518516871112,10,12,5,5,TRUE,TRUE,0.297337555634062,1.71108536266843e-08
0.484195008274457,0.353146060708533,13,13,5,5,TRUE,TRUE,0.347914213826823,1.44427606809902e-06
0.39959918192764,0.100726846827004,14,13,3,3,FALSE,FALSE,0.249926156639248,5.99635166807237e-09
0.418804669258296,0.110571889905015,15,13,4,4,FALSE,FALSE,0.143630474267995,3.35552840046999e-06
0.475353011866299,0.63790682812329,15,13,5,5,TRUE,TRUE,0.599014340109374,3.06239715586126e-09
0.417795849227608,0.326457205205946,19,14,5,5,TRUE,TRUE,0.413775455734109,1.02144153455042e-08
0.492011776315185,0.0888803877139281,9,12,4,4,FALSE,FALSE,0.133192925277142,2.61955740331371e-07
0.395202215125388,0.157772857885983,17,14,4,4,FALSE,FALSE,0.621229408928837,7.43898307124939e-08
0.522246744150421,0.73550848033879,13,13,5,5,TRUE,TRUE,0.762679564978541,4.28376656536568e-08
0.467128447538301,0.31289720187956,8,12,5,5,TRUE,TRUE,0.553217932509686,3.27430530403894e-06
0.405205919902138,0.247258292378328,7,12,4,5,FALSE,TRUE,0.342707012586848,7.56448544298067e-07
0.536643846207895,0.0540915120511865,9,12,3,3,FALSE,FALSE,0.80621057612973,1.75708812307483e-06
0.529836890028786,0.410135271332259,7,12,5,5,TRUE,TRUE,0.213525855716044,5.23509758705076e-10
0.510030386311083,0.0842468285754647,11,13,4,4,FALSE,FALSE,0.451472936131738,2.3575143190602e-08
0.530829284803963,0.110506480323465,24,15,4,4,FALSE,FALSE,0.22714857635747,1.01865300751739e-06
0.44542999736262,0.214267850054361,22,15,5,5,TRUE,TRUE,0.484408492002445,1.10761037511626e-06
0.501871765132907,0.19563180410569,12,13,4,4,FALSE,FALSE,0.96920122866649,3.04991604377823e-07
0.513020304031553,0.686579068845242,25,15,5,5,TRUE,TRUE,0.548547096822784,7.03262273463235e-07
0.405038331778333,0.000934991099517113,12,13,3,3,FALSE,FALSE,0.819555054471142,1.07090058302957e-07
0.41340255642494,0.133728777946808,19,14,4,4,FALSE,FALSE,0.837870323210462,2.09572074763231e-08
0.425852280967448,0.935826438165247,11,13,5,5,TRUE,TRUE,0.763034433027236,1.98840486468266e-06
0.400645308308629,0.00647284587527475,10,12,3,3,FALSE,FALSE,0.924944267143314,2.96790436588725e-06
0.448167913929191,0.0366699741285652,25,15,4,4,FALSE,FALSE,0.544101361766292,1.23811807429302e-10
0.454582844249177,0.237601642827769,8,12,4,5,FALSE,TRUE,0.50645106809611,9.66016727995586e-06
0.569562904038441,0.619470946688661,11,13,5,5,TRUE,TRUE,0.178921517514421,1.31434117790555e-06
0.503109784608626,1.02408605558097,9,12,5,5,TRUE,TRUE,0.292892656244958,9.50806200752598e-09
0.488228660354638,0.0554709498626083,23,15,4,4,FALSE,FALSE,0.730839744370881,7.2877220998812e-07
0.469955868779155,0.0905076551310704,10,12,4,4,FALSE,FALSE,0.320262491572995,4.22287586845232e-08
0.512518993682096,0.311690855964948,10,12,5,5,TRUE,TRUE,0.145490462368614,2.71580118262724e-08
0.486156553091322,0.401130827012288,10,12,4,4,FALSE,FALSE,0.936022025613922,6.02832636799515e-08
0.461196159404214,0.65566070293482,16,14,5,5,TRUE,TRUE,0.335051958322083,4.16497515614542e-09
0.414808499175044,0.71920259147746,22,15,5,5,TRUE,TRUE,0.271889467169843,1.26452162658883e-08
0.549225581531676,0.242226648699293,9,12,4,4,FALSE,FALSE,0.922530665752328,1.58251887057941e-07
0.420605414651676,0.368650812813865,8,12,5,5,TRUE,TRUE,0.41728149879373,1.1968218730739e-08
0.493630972686223,0.103802953285867,7,12,3,3,FALSE,FALSE,0.219065518918153,1.57788810606171e-08
0.479172304492035,0.250283206826753,10,12,4,4,FALSE,FALSE,0.343330377261229,3.98486539141316e-07
0.513365038550665,0.130988315503478,20,14,5,5,TRUE,TRUE,0.413927914634455,2.23879129523206e-09
0.574926837738763,0.160551314566907,18,14,5,5,TRUE,TRUE,0.535120766244532,4.31158121895502e-09
0.428438287384831,0.498696043092939,9,12,5,5,TRUE,TRUE,0.329678556774449,6.47018240726552e-07
0.480730397198302,0.4736199952925,19,14,5,5,TRUE,TRUE,0.86779467135616,2.83165560510228e-05
0.52522896766913,0.169640065004381,18,14,5,5,TRUE,TRUE,0.161628172597736,2.79603952608647e-09
0.400161845825537,0.355842901863,18,14,5,5,TRUE,TRUE,0.195819989764245,6.83882915705572e-09
0.445591154081306,0.39177070778988,13,13,5,5,TRUE,TRUE,0.0518406809442048,6.90283114970827e-08
0.468337768548072,0.0460920374810567,31,17,4,4,FALSE,FALSE,0.00326942362457645,1.01101964012932e-09
0.460863443747553,0.142168086387906,14,13,3,3,FALSE,FALSE,0.786672479342622,7.61838155203088e-08
0.477883222746301,0.00184721881156347,6,12,4,4,FALSE,FALSE,0.611630690391122,9.6417251740638e-09
0.467962771075625,0.118335606673222,28,16,3,3,FALSE,FALSE,0.501374998248935,6.2633352831502e-10
0.407566637053855,0.0799362726106181,4,11,3,4,FALSE,FALSE,0.795379962546493,2.77930713515635e-06
0.390880123996403,0.0347734436469329,12,13,3,4,FALSE,FALSE,0.830838120744614,6.80029940590718e-06
0.474371858932757,0.0935175212686055,8,12,4,4,FALSE,FALSE,0.587856277663037,3.21722009958e-08
0.482990894959479,0.164531946699751,11,13,4,5,FALSE,TRUE,0.0234956208210374,6.90872654555206e-10
0.540765606828452,0.206576080752496,7,12,4,4,FALSE,FALSE,0.512517325006226,1.64856475461708e-08
0.518491285727957,0.498410211799043,24,15,5,5,TRUE,TRUE,0.164704644046917,4.05491357978074e-08
0.524836551428578,1.23760605170905,10,12,5,5,TRUE,TRUE,0.13960090009897,2.48543463003792e-06
0.353628004205673,0.367232872262699,24,15,5,5,TRUE,TRUE,0.422222594734822,3.55579885998649e-05
0.446461537374381,0.0249386665381588,8,12,4,4,FALSE,FALSE,0.434980573198285,4.47186263363399e-09
0.49083998096042,0.866673600922364,11,13,5,5,TRUE,TRUE,0.48954508048929,1.48761696443786e-07
0.4366991349421,0.454692591581507,8,12,5,5,TRUE,TRUE,0.184392869895337,2.18348269878533e-07
0.503675115129797,0.342876941738279,27,16,5,5,TRUE,TRUE,0.655727490054928,7.53597792519042e-10
0.477847029274902,0.142006888412273,14,13,4,4,FALSE,FALSE,0.745544625720706,4.78447542447194e-08
0.492014349237184,0.646782208823296,35,17,5,5,TRUE,TRUE,0.0317508056213756,1.77468189427942e-07
0.485297659457414,0.627978267758032,8,12,5,5,TRUE,TRUE,0.419744696917013,8.0617953626616e-07
0.40513439580105,0.00155297488044437,15,13,4,4,FALSE,FALSE,0.896519771916249,1.11080651814767e-06
0.470170273605812,1.13762582573718,11,13,5,5,TRUE,TRUE,0.908069362066694,3.85146252944391e-07
0.451882626559867,0.1038643395537,17,14,4,4,FALSE,FALSE,0.973827661598968,1.71172812274741e-08
0.531191322656039,0.447235618956622,9,12,5,5,TRUE,TRUE,0.856290681489068,1.66656291682303e-09
0.452010365371864,0.266008787632414,31,17,5,5,TRUE,TRUE,0.909406940760589,2.13666339927437e-06
0.426132833739601,0.0667573087582176,32,17,4,4,FALSE,FALSE,0.126542200783311,3.13732791176354e-08
0.42747764609394,0.293312407333632,13,13,5,5,TRUE,TRUE,0.780190682613286,6.36823013212211e-07
0.5409627726995,0.106912309824899,11,13,3,3,FALSE,FALSE,0.16789189247372,9.09693852470132e-09
0.475224594105179,0.0241364308214695,19,14,2,2,FALSE,FALSE,0.444817135085499,4.05101659083211e-07
0.56791155560902,0.249743737267958,11,13,4,4,FALSE,FALSE,0.60191993249805,3.54204561759491e-06
0.392467492804677,0.563883886041084,24,15,5,5,TRUE,TRUE,0.128620287282375,5.27511368390016e-08
0.442685372273895,0.169601059350423,22,15,4,4,FALSE,FALSE,0.909978026349961,3.59384441544562e-10
0.420199619633515,0.119100665853578,4,11,4,5,FALSE,TRUE,0.895179099528417,6.78092568023476e-07
0.485130838249661,0.25415054449423,14,13,5,5,TRUE,TRUE,0.064464876887896,1.97641439808312e-08
0.418181587180598,0.158622309796848,21,15,4,4,FALSE,FALSE,0.757571917379397,2.91135882413883e-08
0.434073832652301,0.278956374624494,6,12,4,4,FALSE,FALSE,0.932078894665343,3.3685738968285e-07
0.41698446563702,0.157249175176916,11,13,4,4,FALSE,FALSE,0.667538067583674,9.04402444138574e-07
0.435958971893323,0.165032307227776,8,12,4,4,FALSE,FALSE,0.774176094377677,8.22268021673789e-09
0.483734131659458,0.879393469289374,10,12,5,5,TRUE,TRUE,0.887449983134993,9.86358878796982e-07
0.425929680654902,0.625827665946483,26,16,5,5,TRUE,TRUE,0.709410660442903,2.70319481255658e-08
0.432059797125804,0.442336278968944,9,12,5,5,TRUE,TRUE,0.728476617292522,3.37454834061295e-08
0.485733783467501,0.95598741593896,11,13,5,5,TRUE,TRUE,0.254761021956295,2.08047597410461e-06
0.520649848442285,0.242730682363729,8,12,4,4,FALSE,FALSE,0.0845721366286567,6.17149160447687e-07
0.483488924535638,0.979130295025907,11,13,5,5,TRUE,TRUE,0.480216235916291,6.6384983057049e-07
0.45240654726545,0.108973318400432,12,13,4,5,FALSE,TRUE,0.148343271061299,3.51301185226013e-07
0.589542059095154,0.666111801413646,12,13,5,5,TRUE,TRUE,0.465145668721622,3.09738876267929e-09
0.499329858840834,0.0324644992949015,9,12,3,4,FALSE,FALSE,0.787739698516539,7.19926921577235e-10
0.384137193698434,0.301844599373563,17,14,5,5,TRUE,TRUE,0.543668500114446,3.27441856384314e-08
0.52124691722887,0.366481758707251,8,12,5,5,TRUE,TRUE,0.27574180193936,5.38152339946746e-07
0.589219221680302,1.09152008756906,19,14,5,5,TRUE,TRUE,0.0977735879740553,2.7887924481108e-08
0.465093920903735,0.730146188258754,17,14,5,5,TRUE,TRUE,0.115691256887545,1.28481811406671e-07
0.536316337756545,0.0922494593979533,9,12,4,4,FALSE,FALSE,0.959402644967063,2.76957708423015e-09
0.504471266744465,0.0802976667652642,6,12,2,2,FALSE,FALSE,0.917441364701843,1.14281874369597e-07
0.488821178185555,0.0912318916470358,22,15,5,5,TRUE,TRUE,0.253689538975604,7.90020939805388e-09
0.502711835107139,0.103768507387454,6,12,3,3,FALSE,FALSE,0.672924868197515,4.75443345447456e-07
0.511104863409099,1.22737895215275,15,13,5,5,TRUE,TRUE,0.582890267740901,1.17712792281863e-07
0.429328041532747,0.230357556583912,10,12,4,4,FALSE,FALSE,0.591870954770905,9.85054407986966e-07
0.392398746321484,0.0842905653483319,15,13,4,4,FALSE,FALSE,0.840214419305879,1.74853654179936e-06
0.508077036311334,0.289006968055258,11,13,5,5,TRUE,TRUE,0.432873865692207,1.02032898057035e-08
0.33405313721374,0.0212493064859549,23,15,5,5,TRUE,TRUE,0.181108392208747,1.65544966587701e-10
0.490924934400077,0.47538867846151,17,14,5,5,TRUE,TRUE,0.122253968748175,1.09131401062937e-09
0.468407818236186,0.150736850535791,10,12,4,4,FALSE,FALSE,0.805046841114316,1.49960153087492e-07
0.461478475272998,0.059992242715877,14,13,4,4,FALSE,FALSE,0.525389227642618,2.08325168210964e-07
0.48569868990052,0.367546709359092,20,14,5,5,TRUE,TRUE,0.276833326087948,7.63105990643783e-07
0.469392843405788,0.311133804897738,6,12,5,5,TRUE,TRUE,0.560764648049279,1.05634479647742e-07
0.415850230039265,0.201605439636374,6,12,3,4,FALSE,FALSE,0.266220261469767,2.93544876283473e-07
0.483423864803884,0.568984034086736,14,13,5,5,TRUE,TRUE,0.691275099855602,8.85563691954111e-08
0.467729206672604,0.19609922189001,11,13,5,5,TRUE,TRUE,0.98749876846005,5.24779892132326e-06
0.388019709472873,1.01733706137308,10,12,5,5,TRUE,TRUE,0.275485498401595,1.39507096472479e-06
0.525690821551909,0.0198917938716461,27,16,4,4,FALSE,FALSE,0.152048688541452,3.17201511774807e-07
0.461300224371767,0.452927391559095,10,12,5,5,TRUE,TRUE,0.467308541707345,2.53803749519441e-08
0.506656646240352,0.0917170110803884,11,13,4,4,FALSE,FALSE,0.260426225095788,1.57784551358521e-08
0.465351877757382,0.197676359935822,32,17,4,4,FALSE,FALSE,0.459056731165466,1.28732129109263e-06
0.401119687384156,0.506799976670741,8,12,5,5,TRUE,TRUE,0.716539358488588,6.57159626910719e-07
0.488202579343822,0.0924552779716206,41,19,3,3,FALSE,FALSE,0.315546541748765,7.83605310738381e-09
0.427575678059625,0.436532634030745,24,15,5,5,TRUE,TRUE,0.673746875237763,3.9744258358365e-08
0.512360145425892,0.075235755101088,6,12,3,3,FALSE,FALSE,0.0611666001386134,4.09014826089513e-07
0.480139695946202,0.00759543049611411,22,15,3,3,FALSE,FALSE,0.107452664932296,2.31518662006453e-09
0.476179583227142,0.026332130068234,14,13,3,3,FALSE,FALSE,0.589663673436406,8.0613393259587e-08
0.496002327653823,0.856663877653444,10,12,5,5,TRUE,TRUE,0.723700958311501,5.99823571070954e-08
0.456880984008284,0.200353380682297,16,14,4,4,FALSE,FALSE,0.919640123148093,3.70002373279568e-08
0.461858257551778,0.60421911572981,6,12,5,5,TRUE,TRUE,0.192922386645788,1.06219373347175e-07
0.397984037412643,0.602082274209967,14,13,5,5,TRUE,TRUE,0.686837018991505,7.78722920467273e-10
0.465739248570414,0.00106107076180706,12,13,4,4,FALSE,FALSE,0.868735277233899,3.33238777263223e-07
0.486644450129657,0.465608054037782,13,13,5,5,TRUE,TRUE,0.48674326954721,3.03962958544911e-07
0.430243523606922,0.634588570332719,12,13,5,5,TRUE,TRUE,0.895767473384966,2.71456855082649e-08
0.490314298902804,0.516222950856754,13,13,5,5,TRUE,TRUE,0.25649953396223,1.17313160034509e-08
0.462008912086773,0.367089686997853,10,12,4,4,FALSE,FALSE,0.709757773611429,5.88277731848322e-07
0.489760273967892,0.263265249030472,14,13,5,5,TRUE,TRUE,0.357023305456252,2.47075525391413e-08
0.421465971525089,1.06578202305424,10,12,5,5,TRUE,TRUE,0.404241245299188,5.7193965101673e-08
0.44014952138641,0.064172674284297,17,14,3,3,FALSE,FALSE,0.33844366328711,2.59907669333656e-07
0.579397117220502,0.266113235464215,15,13,5,5,TRUE,TRUE,0.0983181909904672,1.02891366055016e-07
0.540808794235472,0.393803451655228,10,12,5,5,TRUE,TRUE,0.612248768854284,5.05165122408112e-07
0.458554740670688,0.226774258345609,35,17,5,5,TRUE,TRUE,0.785161260385967,1.13140912835816e-08
0.448451571753241,0.0627355754955206,17,14,4,5,FALSE,TRUE,0.39052009084548,2.46459107869548e-08
0.458157574736603,0.192293374798499,16,14,4,4,FALSE,FALSE,0.339446990823024,1.40808941652709e-06
0.402635356751154,0.463752238187116,12,13,5,5,TRUE,TRUE,0.128653123596255,4.64422858894014e-07
0.438163208773031,0.119916759650848,23,15,5,5,TRUE,TRUE,0.629862997897304,1.74050487230002e-06
0.443521766130975,0.585857238121868,6,12,5,5,TRUE,TRUE,0.358495275594861,1.13710440198918e-08
0.47242710766974,0.895537742942537,12,13,5,5,TRUE,TRUE,0.555941660503901,5.40343705722893e-08
0.485253610672878,0.228006142989099,9,12,4,4,FALSE,FALSE,0.456019171870247,2.68423650525019e-09
0.404458368128816,0.571847760804075,15,13,5,5,TRUE,TRUE,0.753617148060317,4.13764078152373e-07
0.4127829983802,0.102421426517809,28,16,5,5,TRUE,TRUE,0.976782726210342,4.01007262643361e-10
0.534009943099524,0.0731072368114969,14,13,3,4,FALSE,FALSE,0.0269513496350191,7.13964919633372e-09
0.3705097083835,0.162390777323694,13,13,4,5,FALSE,TRUE,0.482409414376991,4.6934126104332e-06
0.467054698208662,0.391408610486657,27,16,5,5,TRUE,TRUE,0.14198328218919,1.3023582070627e-10
0.322379090919873,0.517455446447882,9,12,5,5,TRUE,TRUE,0.0181398149262069,5.37593179058457e-08
0.411322391131622,0.366376407492508,19,14,5,5,TRUE,TRUE,0.275547156273265,6.63010438698425e-09
0.418593185726258,0.279995203539497,14,13,4,4,FALSE,FALSE,0.105250704053488,1.08840495932563e-08
0.424244933594019,0.0520154337443439,7,12,2,2,FALSE,FALSE,0.372046415738256,5.98563933956811e-08
0.447269511096779,0.760971389310912,12,13,5,5,TRUE,TRUE,0.981045960007213,5.44726943503582e-07
0.47406956739674,0.172463769063462,7,12,4,4,FALSE,FALSE,0.527360598915268,4.11886893485372e-08
0.469516171000195,0.13807248992824,6,12,5,5,TRUE,TRUE,0.487000323015697,1.83142496407581e-06
0.499428624780853,0.0607193551560927,13,13,4,4,FALSE,FALSE,0.634709581318978,2.00886485252065e-08
0.415437136689333,0.0873187031043439,15,13,4,4,FALSE,FALSE,0.53426447955811,1.4948773501631e-07
0.394563995152596,0.0492279069124266,10,12,2,2,FALSE,FALSE,0.894847815063352,2.15280778136179e-07
0.513754169268381,0.183131685967415,12,13,4,4,FALSE,FALSE,0.215599324675305,4.52947411980324e-08
0.450473347948266,0.129393394783565,15,13,5,5,TRUE,TRUE,0.0772918910473512,5.74511243879248e-06
0.442726474536933,0.0589231895878963,14,13,4,4,FALSE,FALSE,0.187984736936669,1.86463469427732e-06
0.546149295820713,0.454918604023538,10,12,5,5,TRUE,TRUE,0.913796371522821,4.32724572308359e-08
0.474531083542659,1.32428440625108,20,14,5,5,TRUE,TRUE,0.691661921439647,6.43362693875957e-08
0.441630258676965,0.185077947214296,9,12,3,3,FALSE,FALSE,0.709238840383277,5.93179734792979e-08
0.389291615955942,0.0427579453433053,12,13,4,4,FALSE,FALSE,0.883523155200214,1.76345164546921e-07
0.464545519260645,0.208544885594709,11,13,4,4,FALSE,FALSE,0.0331211799617633,1.19903665668901e-09
0.462566479354645,0.188212014536397,13,13,4,4,FALSE,FALSE,0.613538385089995,4.93012241448005e-07
0.459630284739714,1.05668862345424,9,12,5,5,TRUE,TRUE,0.670783374553374,1.49523938700591e-07
0.495259099710378,0.0941957476531892,31,17,4,4,FALSE,FALSE,0.590860212585135,5.82639885472739e-08
0.42311938663384,0.650979020493952,16,14,5,5,TRUE,TRUE,0.507702750396525,1.20458059857747e-07
0.536047467256766,1.08821276071208,22,15,5,5,TRUE,TRUE,0.998608373975282,1.67339900245394e-07
0.460258232254867,0.581626799185382,11,13,5,5,TRUE,TRUE,0.574128464656061,1.58715461791021e-06
0.440174304235693,0.00320165899254943,8,12,3,3,FALSE,FALSE,0.536367462810788,5.21139565528017e-08
0.477287579847321,0.0134760045453461,14,13,4,4,FALSE,FALSE,0.486544723145439,9.26663196597426e-08
0.517627293991724,0.373203781812076,9,12,5,5,TRUE,TRUE,0.656477353518579,1.60918185251834e-07
0.383540687214599,0.124600690304521,30,16,4,4,FALSE,FALSE,0.787568317244844,4.6883712662482e-07
0.527450419951981,0.0603582161838445,16,14,3,3,FALSE,FALSE,0.393303449336769,1.75037005023663e-07
0.470680919280965,0.360893282821822,7,12,5,5,TRUE,TRUE,0.0754913632982045,8.01483367158351e-09
0.542234866611317,0.0688106907328179,23,15,4,4,FALSE,FALSE,0.679885664830081,9.43406463139053e-07
0.426246103542516,0.410315037086962,14,13,5,5,TRUE,TRUE,0.198864267756813,2.5853957023104e-10
0.482007691213754,0.0384246455487625,10,12,4,4,FALSE,FALSE,0.0409374124060716,1.40644373899317e-08
0.403140007952025,0.0146640881547075,12,13,4,4,FALSE,FALSE,0.907359183532208,4.99016835124809e-08
0.489608497986445,0.106208874399645,19,14,5,5,TRUE,TRUE,0.414724859333748,2.04363713532812e-05
0.481619946596552,0.0118885567581328,23,15,4,4,FALSE,FALSE,0.368363290370987,6.1598515732192e-09
0.451615351087231,0.325116859661487,13,13,5,5,TRUE,TRUE,0.953779192629042,1.26818420972416e-06
0.480706166602475,0.712508359039607,21,15,5,5,TRUE,TRUE,0.700687335832748,1.37960953477211e-07
0.504654983500646,0.185087795019676,30,16,4,4,FALSE,FALSE,0.0162960720786543,1.53190676031008e-10
0.518891487800632,0.142922419525651,7,12,2,2,FALSE,FALSE,0.368842090908132,1.37483091471455e-07
0.384010086251264,0.681358972034106,9,12,5,5,TRUE,TRUE,0.234610035826254,2.00709425358152e-08
0.460209468548216,0.285057228825033,12,13,5,5,TRUE,TRUE,0.924559923087598,3.05019508468933e-07
0.485567084047434,0.747529994576759,16,14,5,5,TRUE,TRUE,0.21854336460159,1.36354194859395e-07
0.463393075800021,0.0113694868900009,12,13,4,4,FALSE,FALSE,0.58888576323378,3.32606630067074e-09
0.517825027998517,0.0668618487909585,10,12,4,5,FALSE,TRUE,0.805095906745153,2.99746686842619e-06
0.46466533646626,0.335330362838859,13,13,5,5,TRUE,TRUE,0.811184057296954,1.85875043846224e-08
0.478805586995356,0.287474222433437,10,12,5,5,TRUE,TRUE,0.685032188919078,1.54706886576649e-08
0.500302407357707,0.325883192891186,10,12,4,4,FALSE,FALSE,0.912178640046462,4.25790418366375e-08
0.51801041330715,0.351609868261696,18,14,5,5,TRUE,TRUE,0.621338449453117,1.6530593421519e-08
0.437277795648339,0.201491131891999,13,13,4,4,FALSE,FALSE,0.832433590264737,8.73924425112552e-10
0.438691813378255,0.0153860615567076,7,12,4,4,FALSE,FALSE,0.0165811383335672,8.16465182456626e-10
0.61067950958673,0.102256230374168,12,13,4,4,FALSE,FALSE,0.0924713359264618,2.95343531779783e-08
0.441640077680876,0.167886875318473,11,13,5,5,TRUE,TRUE,0.235969792378354,5.67852992993147e-09
0.439731049187496,0.057870819242003,8,12,4,4,FALSE,FALSE,0.455971092597514,3.90745529318519e-09
0.538786086130157,0.055884648958223,13,13,4,4,FALSE,FALSE,0.329916593654152,1.2878016234298e-07
0.408455044058946,0.113133879269437,8,12,4,4,FALSE,FALSE,0.143513698020572,1.30474644044247e-07
0.426774214418008,0.212674393373605,8,12,4,4,FALSE,FALSE,0.20065146516165,1.39480556869867e-07
0.524269573300325,0.0261219035446079,4,11,3,3,FALSE,FALSE,0.813787217388393,2.61188509329729e-06
0.601532748113849,0.468267660913913,16,14,5,5,TRUE,TRUE,0.72125523281496,1.59314458365467e-07
0.515784128454709,0.133865012750943,13,13,3,4,FALSE,FALSE,0.992816457380172,1.28861482642865e-06
0.454315827654146,0.17186473210991,11,13,5,5,TRUE,TRUE,0.280411549701747,3.68693103857771e-07
0.424856450880695,0.277394290477506,10,12,5,5,TRUE,TRUE,0.535256024464097,1.36905951822336e-06
0.503949377115998,0.300099239316918,11,13,5,5,TRUE,TRUE,0.92967694470845,4.52134512794772e-08
0.467852083822404,0.426212163793884,8,12,5,5,TRUE,TRUE,0.0172023402327402,6.67057434256447e-09
0.426280981985249,0.341410983124162,11,13,4,4,FALSE,FALSE,0.21453824465675,2.86124819105658e-07
0.516276014918105,0.672422824395809,10,12,5,5,TRUE,TRUE,0.40048076820339,4.24919510802003e-06
0.440842512691605,0.114685601520959,10,12,4,5,FALSE,TRUE,0.467582037076807,3.4176760606203e-07
0.43881661318988,0.653714003034987,8,12,5,5,TRUE,TRUE,0.705150208712908,2.31698571546734e-09
0.446220372500416,0.124654533790458,11,13,4,4,FALSE,FALSE,0.653689496235479,9.79934649544186e-09
0.509495589078589,0.355200158870228,9,12,4,4,FALSE,FALSE,0.489710728048955,1.08317022952959e-06
0.490521011207122,0.287857363902575,12,13,5,5,TRUE,TRUE,0.464564209905778,3.59231163328584e-10
0.397735380150547,0.389655000774246,16,14,5,5,TRUE,TRUE,0.189234637574306,1.80713283892479e-09
0.474030041220816,0.515425010399986,16,14,5,5,TRUE,TRUE,0.599818078474604,4.60592383385107e-09
0.469058702851924,0.017162152465835,5,11,4,4,FALSE,FALSE,0.606980815342425,1.6306951649631e-07
0.531483710832129,0.53809873571725,11,13,5,5,TRUE,TRUE,0.520165744613886,1.12508389448597e-09
0.407437164561005,0.533837765231322,10,12,5,5,TRUE,TRUE,0.519719400299109,6.43111035249604e-08
0.441699664771345,0.198877846209004,19,14,4,4,FALSE,FALSE,0.769121696551782,3.26642867491505e-06
0.48215486269305,0.208339948983562,9,12,4,4,FALSE,FALSE,0.230417243026125,4.29954846954706e-06
0.436854043239832,0.44037731075624,9,12,4,4,FALSE,FALSE,0.137584887431727,3.64345262026653e-08
0.452343380886946,0.00170592320031338,34,17,4,5,FALSE,TRUE,0.302181967671593,1.59779878102949e-10
0.51169237558253,0.59947940723312,14,13,5,5,TRUE,TRUE,0.410234754480878,2.39544716483526e-06
0.377861525109474,0.197417947711175,12,13,4,4,FALSE,FALSE,0.17925221807352,8.24344968206903e-08
0.46535774491798,0.519650967812026,20,14,5,5,TRUE,TRUE,0.188744583040203,7.64050145738208e-10
0.49697100602611,0.0686618784167039,9,12,4,4,FALSE,FALSE,0.375625196425426,1.71424454419793e-08
0.491290016743597,0.339266522453967,11,13,5,5,TRUE,TRUE,0.0305992869199585,8.19191536837988e-10
0.500493869230506,0.348369347038871,20,14,4,4,FALSE,FALSE,0.0904749597634555,6.71689015340607e-08
0.464051940147925,0.209338263501963,14,13,4,4,FALSE,FALSE,0.943284131273678,3.44892474112415e-09
0.464733440481068,0.310412371662859,11,13,4,4,FALSE,FALSE,0.820196161445103,4.27502389550973e-08
0.437966062864579,0.443194090431642,10,12,5,5,TRUE,TRUE,0.474720521684668,5.81143315718515e-10
0.47291273029604,1.06162067801158,8,12,5,5,TRUE,TRUE,0.0565451894915895,1.70420719979835e-09
0.441152083654648,0.514990353751461,15,13,5,5,TRUE,TRUE,0.484665725806278,2.97844434419028e-09
0.453039819679199,0.138616685949329,16,14,5,5,TRUE,TRUE,0.489021570197778,1.47834697488513e-08
0.424462088645584,0.838553488817794,28,16,5,5,TRUE,TRUE,0.107744610259606,2.33975111405167e-08
0.424048237699981,0.193714945645237,11,13,4,5,FALSE,TRUE,0.19763340452791,5.35892419767338e-07
0.387879554340851,0.608313014388342,8,12,5,5,TRUE,TRUE,0.436145088039987,1.59236433537169e-08
0.496833812088152,0.0201096442022373,6,12,3,4,FALSE,FALSE,0.219257034070309,7.49481687840065e-06
0.498216754031975,0.660656632254035,7,12,5,5,TRUE,TRUE,0.0375267174164262,1.87599797295913e-09
0.447116124755766,0.315524491860786,11,13,5,5,TRUE,TRUE,0.840622730001119,9.17908294937026e-10
0.460576108991245,0.130897215387463,10,12,4,5,FALSE,TRUE,0.370363861536783,9.57144541654663e-09
0.516982850040386,0.25519940095988,23,15,5,5,TRUE,TRUE,0.167753582524834,8.62466314439911e-09
0.436811174533918,0.0934393646743583,14,13,4,5,FALSE,TRUE,0.793486176701767,1.36828112964456e-08
0.459483834966496,0.414878429447932,24,15,5,5,TRUE,TRUE,0.813095153873033,3.7639293902529e-08
0.499001600924266,0.722699935157222,7,12,5,5,TRUE,TRUE,0.958372934072242,1.09009335544778e-07
0.474824599493669,0.0185729274207651,21,15,4,4,FALSE,FALSE,0.787424451798995,4.19313889220267e-08
0.554249173673919,0.287217661678156,14,13,4,4,FALSE,FALSE,0.533331983796407,2.47598199375007e-08
0.446409156886809,0.207781459022906,8,12,4,4,FALSE,FALSE,0.787424783661491,5.45095317954437e-07
0.414566230235976,0.79694097716448,13,13,5,5,TRUE,TRUE,0.990713564990473,1.33962688333268e-05
0.453538844144634,0.301342904260224,16,14,5,5,TRUE,TRUE,0.35584141475048,5.80649699205557e-09
0.442204361333526,0.108748663826781,15,13,5,5,TRUE,TRUE,0.14089569875052,3.49160080416642e-08
0.492058567965061,0.00556406685088873,4,11,4,4,FALSE,FALSE,0.0315585235617096,7.78278105577625e-11
0.472294202379967,0.550210345174128,5,11,5,5,TRUE,TRUE,0.267127864223122,4.87831992230523e-07
0.534829622426882,0.149618673864911,8,12,4,4,FALSE,FALSE,0.535793937257203,1.02330064316655e-08
0.464426851406592,0.202130689761411,11,13,4,4,FALSE,FALSE,0.0164504593107683,3.18431091966229e-10
0.5484110507577,0.342286497167217,11,13,5,5,TRUE,TRUE,0.922331984446153,1.5429628682262e-06
0.48028407280902,0.339039211748204,9,12,4,5,FALSE,TRUE,0.328109366705075,6.75718136865326e-09
0.44205614247045,0.401713244513692,14,13,5,5,TRUE,TRUE,0.198389490209184,1.58099554085443e-08
0.410831758953632,0.0169507562009983,10,12,4,4,FALSE,FALSE,0.673936785134661,1.47244211006259e-06
0.422614173339856,0.0274723856044599,6,12,3,3,FALSE,FALSE,0.770189330570226,4.44193066031472e-08
0.502049878343831,0.494802524083975,22,15,5,5,TRUE,TRUE,0.676491664999882,6.45299385871377e-10
0.418220694312284,0.280905171862867,6,12,4,5,FALSE,TRUE,0.314611330594091,4.08340531063869e-07
0.482193347745052,0.695657274848017,26,16,5,5,TRUE,TRUE,0.591853982216679,3.26216780016215e-09
0.489893745204023,0.908629820913776,8,12,5,5,TRUE,TRUE,0.301033557090663,6.54564505704964e-08
0.404059403842021,0.254401974593198,10,12,4,4,FALSE,FALSE,0.0906855764766186,4.94656506955908e-07
0.407154949534136,0.183576519178207,18,14,4,4,FALSE,FALSE,0.682568243488256,3.06702446600718e-08
0.47375306089363,0.308741102977225,17,14,4,5,FALSE,TRUE,0.62500965796784,2.68463811136212e-07
0.536339030898226,0.227368422619214,11,13,4,4,FALSE,FALSE,0.805115399411517,6.86714562768938e-07
0.4367107513637,0.0818851788137378,11,13,4,4,FALSE,FALSE,0.643692179696103,1.4832417598583e-09
0.464669541765803,0.146843407895283,7,12,3,3,FALSE,FALSE,0.597284813946151,6.146468846968e-10
0.420609035686319,0.239378445267379,11,13,4,4,FALSE,FALSE,0.606094311913769,2.54959258722417e-07
0.467033876633208,0.1806339885974,32,17,4,4,FALSE,FALSE,0.687631645763348,1.10429116087371e-07
0.452197932508951,0.055556409888839,12,13,4,4,FALSE,FALSE,0.492415917772718,4.83180011351308e-08
0.416632762342079,0.145927426021756,7,12,4,4,FALSE,FALSE,0.115650788715957,3.03548380274133e-08
0.469295491309529,0.0336352202566634,9,12,3,3,FALSE,FALSE,0.319562109887676,5.57635899693579e-08
0.419124870105982,0.228405815434738,12,13,4,5,FALSE,TRUE,0.612366749865712,1.25368762841435e-07
0.434674261355846,0.02777033433696,14,13,4,4,FALSE,FALSE,0.956436833947273,1.17881129396228e-06
0.460290606797699,0.370703479532693,11,13,5,5,TRUE,TRUE,0.776819406641751,2.10278672124534e-08
0.508619682342205,0.0418405562413007,13,13,3,4,FALSE,FALSE,0.971751689642086,6.32616789944113e-07
0.42942111730175,0.055249956318175,10,12,4,4,FALSE,FALSE,0.875676133909337,1.82484609332582e-07
0.453322527178787,0.485274181919412,30,16,5,5,TRUE,TRUE,0.793343648363189,2.90135972761417e-08
0.498894164808188,0.425346364377077,8,12,5,5,TRUE,TRUE,0.776092637802301,6.89369210879331e-06
0.443931927308194,0.825188532387655,9,12,5,5,TRUE,TRUE,0.995283184899522,1.61288584524662e-07
0.486880012529833,0.0555541663326475,9,12,3,3,FALSE,FALSE,0.0992666673170802,1.7750512831843e-10
0.441907879874679,0.423281989070273,8,12,4,4,FALSE,FALSE,0.196924938240618,2.42811640870768e-08
0.515335903902158,0.463294535960365,31,17,5,5,TRUE,TRUE,0.966147618979932,5.11613324702264e-09
0.48292124825374,0.614227073211044,10,12,5,5,TRUE,TRUE,0.910235166539879,3.52144548598054e-06
0.478093831534943,0.308030439557119,11,13,5,5,TRUE,TRUE,0.104907006074355,2.33762670071057e-08
0.421994364913699,0.0549246602282694,16,14,3,3,FALSE,FALSE,0.0692129046017217,1.51101288199163e-09
0.444597335600384,0.103253563278527,11,13,4,4,FALSE,FALSE,0.241336612715828,1.52459935757943e-08
0.486948398725959,0.695319648046626,11,13,5,5,TRUE,TRUE,0.50780696327055,3.1739999772484e-09
0.506267680588469,0.631127890030528,8,12,5,5,TRUE,TRUE,0.510932257380825,1.64665012641976e-09
0.456887744746762,0.107483451803345,12,13,4,4,FALSE,FALSE,0.493162835050305,8.53880216009706e-07
0.45866196799451,0.792758674568917,12,13,5,5,TRUE,TRUE,0.928727516891784,1.19509884288565e-07
0.494920703067431,0.219960647111716,5,11,4,5,FALSE,TRUE,0.128959282450554,1.54572464102448e-07
0.438733932192478,1.19224111642366,16,14,5,5,TRUE,TRUE,0.685598847705024,2.22038577199461e-06
0.508515390638088,0.991478834819886,9,12,5,5,TRUE,TRUE,0.115890603447239,1.38350747022789e-07
0.527472946382361,0.0419375227584979,16,14,4,4,FALSE,FALSE,0.691318621217324,1.33676949335219e-06
0.477353209350287,0.320797759742926,7,12,5,5,TRUE,TRUE,0.0298350071779696,5.939834565466e-10
0.533136189061723,0.653418053852151,6,12,5,5,TRUE,TRUE,0.796589098976557,2.8202664730328e-08
0.486066317488529,0.387739052215992,12,13,5,5,TRUE,TRUE,0.925740988694102,3.49343473650525e-06
0.464591580978973,0.224482081526022,10,12,5,5,TRUE,TRUE,0.621527610583691,5.89328988050201e-07
0.498140489242743,0.299860755533687,6,12,5,5,TRUE,TRUE,0.478651380453253,1.19381644288937e-05
0.500034559272813,0.405680246739996,18,14,5,5,TRUE,TRUE,0.549992745556071,4.28005163535144e-07
0.514831781795757,0.120650036515483,23,15,2,2,FALSE,FALSE,0.449003273896755,7.55312160391618e-09
0.469880853846708,0.393863399960936,10,12,5,5,TRUE,TRUE,0.725251459547013,3.96215847877032e-06
0.461598001472925,0.185986527866963,9,12,5,5,TRUE,TRUE,0.299608448743384,5.08336122274603e-07
0.506925654423775,0.157167749640274,8,12,4,4,FALSE,FALSE,0.948389156736415,1.04640099470691e-07
0.433888415370165,0.576999912042166,23,15,5,5,TRUE,TRUE,0.303708851573011,2.50184457878496e-10
0.515152110192482,0.631060006856099,13,13,5,5,TRUE,TRUE,0.534805212678973,8.45494163361687e-06
0.472200443357246,0.0812248841148744,12,13,3,3,FALSE,FALSE,0.768131857356965,9.20044946296791e-07
0.4666478894532,0.359456446666024,12,13,5,5,TRUE,TRUE,0.071379403842942,7.93704205511654e-08
0.413105379400516,0.249008633148343,18,14,5,5,TRUE,TRUE,0.993025662149505,7.99269683575507e-09
0.395325740673374,0.272492976085874,10,12,4,4,FALSE,FALSE,0.646946540150832,8.99100977497739e-07
0.427450307651978,0.517840544625845,19,14,5,5,TRUE,TRUE,0.230683981168513,3.43598126473588e-09
0.562291800247832,0.131784329053746,23,15,4,4,FALSE,FALSE,0.281138703725469,3.46178748901279e-11
0.470702259620733,0.105293382401817,11,13,4,4,FALSE,FALSE,0.377262720724087,1.60028706130857e-09
0.409561324202352,0.36590127928822,17,14,5,5,TRUE,TRUE,0.0556885583476617,9.2355184920295e-09
0.42166580843887,0.122617692105584,6,12,4,4,FALSE,FALSE,0.0546382909625235,4.24653460330439e-08
0.494095667470048,1.28260149871491,15,13,5,5,TRUE,TRUE,0.918898911632086,2.23821025581976e-08
0.461069887539554,0.0254645611384483,7,12,2,3,FALSE,FALSE,0.538192476598865,7.96732263533877e-09
0.406950824448915,0.809523906647454,16,14,5,5,TRUE,TRUE,0.0820152322664634,3.8055623687978e-09
0.508882167798194,0.00195146175238881,10,12,4,4,FALSE,FALSE,0.615862335336989,7.25844631479438e-07
0.443129822114589,0.697322634291628,16,14,5,5,TRUE,TRUE,0.398416219306094,1.59069688114919e-10
0.437628802261055,1.21356454035766,18,14,5,5,TRUE,TRUE,0.75336868809199,8.4732939455546e-10
0.492603873754727,0.0194632830210879,9,12,4,4,FALSE,FALSE,0.977681683171918,2.36826951269401e-06
0.464204940840588,0.357199947884676,12,13,5,5,TRUE,TRUE,0.0569743411725393,1.81621434121823e-10
0.383045646865523,0.0169878451930061,29,16,4,4,FALSE,FALSE,0.428101601096484,4.59122595620278e-11
0.423395196179931,0.395537184148965,11,13,5,5,TRUE,TRUE,0.420641223055179,6.49347768532916e-08
0.481324501295694,0.0416341099561879,10,12,4,4,FALSE,FALSE,0.156276458937811,8.64299205670876e-09
0.486832100010788,0.121554571502691,8,12,4,4,FALSE,FALSE,0.403409472085054,1.32194653925217e-06
0.447401472369472,0.139949604195896,11,13,3,4,FALSE,FALSE,0.902111155356172,2.01570293793988e-08
0.505901037406176,0.539155838113375,8,12,5,5,TRUE,TRUE,0.0807298135086567,3.4058410221689e-08
0.415554287038823,0.00515401481465361,18,14,3,4,FALSE,FALSE,0.498835601985763,6.59648898762627e-09
0.405970130767127,0.0128663672777367,6,12,2,2,FALSE,FALSE,0.274908668276805,5.60279748909496e-10
0.461893531715044,0.0595422164501576,12,13,3,5,FALSE,TRUE,0.732901988862452,1.62008714428828e-07
0.448806337951215,0.133677613876049,7,12,2,3,FALSE,FALSE,0.188288948301378,1.3024188676121e-06
0.487020953221401,0.0892281771077452,27,16,2,2,FALSE,FALSE,0.245924129922612,1.67610923908858e-08
0.456987999405177,0.213405637160961,28,16,4,5,FALSE,TRUE,0.890825989775558,8.17906360393606e-08
0.428288407682448,0.832225471060466,14,13,5,5,TRUE,TRUE,0.284712665896753,7.13649161116376e-09
0.49806379373345,0.179378799467997,10,12,4,4,FALSE,FALSE,0.863555398468349,8.17412732325182e-09
0.483858539391884,0.50398211293581,12,13,5,5,TRUE,TRUE,0.133133115864,1.08398462528427e-10
0.440597068385159,0.0235834449774952,9,12,4,4,FALSE,FALSE,0.927493441520661,1.2390873328953e-08
0.40200740383064,0.770943778649976,20,14,5,5,TRUE,TRUE,0.558448236566693,1.76573663329614e-07
0.447846098380174,0.439120635235937,16,14,5,5,TRUE,TRUE,0.142991575500395,8.04602910674527e-07
0.421713261984363,0.10436108654996,18,14,4,4,FALSE,FALSE,0.886624650614143,1.07490091877137e-07
0.514026487572736,0.0524043577956281,14,13,3,3,FALSE,FALSE,0.77414410574164,2.58840066368976e-08
0.506209194171375,0.249758223991308,15,13,4,4,FALSE,FALSE,0.312866179527746,2.41167111496445e-08
0.406458662532563,0.124729080578231,6,12,4,4,FALSE,FALSE,0.329214320668618,2.05834742105749e-07
0.485250576566555,0.572918165281177,17,14,5,5,TRUE,TRUE,0.949386375048958,5.83846644753451e-09
0.471414875025803,0.0594405439597634,16,14,4,4,FALSE,FALSE,0.836849958447332,4.74857084725096e-07
0.482523809400847,0.212391171645691,14,13,4,4,FALSE,FALSE,0.833897133301509,4.38637653636698e-08
0.485587181649964,0.673129612582493,17,14,5,5,TRUE,TRUE,0.3352330012537,4.41990371311676e-09
0.391785576643475,0.954548217017676,13,13,5,5,TRUE,TRUE,0.652396706710097,7.80135833916372e-07
0.454282449824495,0.0710997858058557,12,13,4,4,FALSE,FALSE,0.485127570161857,7.05934239306259e-07
0.451019768234456,0.12786990557726,15,13,3,3,FALSE,FALSE,0.699954155679843,9.16018939472444e-09
0.444848952865168,0.190547147680495,7,12,4,4,FALSE,FALSE,0.614452122396785,5.08598657270795e-08
0.462258366749518,0.321036682179111,16,14,5,5,TRUE,TRUE,0.161439479912592,2.71164487775783e-08
0.355380148488892,1.22814752893864,26,16,5,5,TRUE,TRUE,0.717635456883578,3.36798318395792e-07
0.44244705431601,0.665404559672845,14,13,5,5,TRUE,TRUE,0.0543110124223253,8.06765254200059e-09
0.404196832087337,0.07160457570426,19,14,4,4,FALSE,FALSE,0.870372399686185,5.26120740397824e-07
0.462407962070206,0.391431280741866,22,15,5,5,TRUE,TRUE,0.135942356615485,9.59970443938266e-07
0.502500872826679,0.0712393100414839,19,14,4,4,FALSE,FALSE,0.809493841107632,1.99568969126075e-08
0.55080623008601,0.164951649100972,41,19,4,4,FALSE,FALSE,0.308482103698369,4.4629032173787e-11
0.47818832879395,0.124021667474067,21,15,4,4,FALSE,FALSE,0.778427565276286,2.63364221185793e-06
0.47402997447024,0.189102364548783,7,12,4,4,FALSE,FALSE,0.299910927685095,2.53506309983054e-07
0.545973865441072,0.254977694953643,9,12,5,5,TRUE,TRUE,0.880856319946774,3.7469393723489e-09
0.537048406376567,0.529894676575924,11,13,5,5,TRUE,TRUE,0.228612170591157,8.47219065109892e-09
0.472770986161175,0.162612454458929,17,14,4,4,FALSE,FALSE,0.960635262693521,4.26496339128661e-10
0.506174955333715,0.123160705346947,20,14,4,4,FALSE,FALSE,0.129048181010242,4.95920461427397e-10
0.544993173258778,0.697422215962741,27,16,5,5,TRUE,TRUE,0.866525287648352,1.36602458029623e-08
0.392503086158694,0.589294332678714,10,12,5,5,TRUE,TRUE,0.23395790075556,5.40457414218385e-08
0.407947256251863,0.840598118222414,15,13,5,5,TRUE,TRUE,0.829480755122107,3.54217289905312e-08
0.43112896915071,0.83679269674534,22,15,5,5,TRUE,TRUE,0.24947579604798,5.67508520122793e-10
0.418092185460932,0.338812399300043,10,12,5,5,TRUE,TRUE,0.567485262301327,1.31587926575564e-06
0.497222625740312,0.705404838250067,6,12,5,5,TRUE,TRUE,0.277146145914545,9.48781541026914e-09
0.407846969733834,0.21763905260454,11,13,3,4,FALSE,FALSE,0.562740740364609,1.49588449529191e-07
0.469736027247131,0.0430220153528684,11,13,4,4,FALSE,FALSE,0.438107264140502,2.18026013105427e-05
0.428722840905918,0.0955757973435722,13,13,4,4,FALSE,FALSE,0.217995042352071,2.66021373303303e-07
0.42881748815834,0.232563418423103,9,12,4,4,FALSE,FALSE,0.602325358900977,4.09522045115089e-09
0.385697068781744,0.132146806336598,6,12,5,5,TRUE,TRUE,0.868000199279476,1.20905093247943e-06
0.397305039758467,0.000341703200497534,12,13,3,4,FALSE,FALSE,0.688834962865004,5.35736883037352e-07
0.459989198620069,0.232543437827619,11,13,4,5,FALSE,TRUE,0.356912466656924,1.46151630498523e-09
0.439474239198294,0.345598842921797,7,12,5,5,TRUE,TRUE,0.000375769417206762,1.14587638083426e-08
0.474451218788718,0.46816500401551,7,12,5,5,TRUE,TRUE,0.486707563219449,1.67805754853591e-08
0.524127044530985,0.21432491871053,13,13,3,4,FALSE,FALSE,0.273377395512245,4.21690286826694e-08
0.453813618400495,1.31405799401087,29,16,5,5,TRUE,TRUE,0.371502076314868,8.87672101306967e-07
0.467177772861668,0.0443158553023117,7,12,3,3,FALSE,FALSE,0.276164996309859,5.21389101520912e-07
0.483669254311725,0.049602891858062,7,12,4,4,FALSE,FALSE,0.205296460459397,7.61912345642613e-07
0.502005093379523,0.718334239305351,14,13,5,5,TRUE,TRUE,0.098009650293413,1.71123256648705e-09
0.488743763280802,0.129562519246015,9,12,4,4,FALSE,FALSE,0.247553464522134,4.22797258811451e-07
0.39713598147174,0.387698263079216,14,13,5,5,TRUE,TRUE,0.253913464833089,4.55520224612855e-09
0.451448503817769,0.294519111807452,8,12,4,5,FALSE,TRUE,0.0967010375752599,3.96271691275395e-09
0.46854410552155,0.398721938704644,23,15,5,5,TRUE,TRUE,0.0536198878622929,1.214090390832e-06
0.451249663163623,0.0803922733109426,11,13,4,4,FALSE,FALSE,0.161554340938951,4.35769087762662e-07
0.40826861749668,0.329675261995861,13,13,5,5,TRUE,TRUE,0.135251851370247,9.99983941611024e-08
0.460397051218428,0.126217632147779,7,12,4,4,FALSE,FALSE,0.671523539747712,8.34147164177742e-08
0.452825387699693,1.09402968631084,10,12,5,5,TRUE,TRUE,0.104298257463645,7.14002580495821e-07
0.438312252662224,0.135281392405399,12,13,4,4,FALSE,FALSE,0.13318755558676,6.65639357537044e-07
0.489122004133488,0.299453278604495,16,14,5,5,TRUE,TRUE,0.61513568044252,1.27230466991931e-11
0.48834212251371,0.00869354834041025,10,12,3,3,FALSE,FALSE,0.369500478901605,1.28857561877545e-07
0.478758624994376,0.0760466595687217,8,12,4,4,FALSE,FALSE,0.829123682559757,1.86635878178394e-07
0.426272356343096,0.779607763085145,11,13,5,5,TRUE,TRUE,0.913094059286088,4.55727236276572e-07
0.357211962747126,0.0900257338595931,39,18,4,4,FALSE,FALSE,0.637058454108722,3.23829074414981e-10
0.458812367204498,0.745314023230532,10,12,5,5,TRUE,TRUE,0.557613401438749,1.4067044736527e-08
0.518191536873348,0.118043149018887,8,12,5,5,TRUE,TRUE,0.394119548895365,3.07383942783814e-09
0.463151776405465,0.0224626158997936,10,12,4,4,FALSE,FALSE,0.889355655245858,4.51226824869959e-10
0.431459200637724,0.0180973391431025,23,15,4,4,FALSE,FALSE,0.171717894747561,1.81155860636249e-08
0.430441704323136,0.135628295180082,21,15,4,4,FALSE,FALSE,0.307451242718574,7.25377986014966e-08
0.443151104292131,0.857105714799368,17,14,5,5,TRUE,TRUE,0.491029961871344,4.02815587548306e-07
0.44124791240571,0.643035868590572,9,12,5,5,TRUE,TRUE,0.551241345777413,7.18950241138561e-08
0.426479088333089,0.310101281036872,15,13,5,5,TRUE,TRUE,0.669904352109344,7.19734516757143e-07
0.394838952270024,0.732474193059521,14,13,5,5,TRUE,TRUE,0.751240189441583,2.83281242188505e-08
0.473501502974535,0.297275462614675,38,18,5,5,TRUE,TRUE,0.32774573419851,6.46246180844005e-13
0.454217260004876,0.497819273626993,18,14,5,5,TRUE,TRUE,0.0946364466763624,4.69557641846544e-08
0.496683254234173,0.162353755386915,13,13,4,4,FALSE,FALSE,0.047302606043388,1.1103147560838e-09
0.486939812219291,0.23621047780192,10,12,4,4,FALSE,FALSE,0.839218933744988,5.03140903168103e-07
0.435052927569169,0.673630828996005,37,18,5,5,TRUE,TRUE,0.658060956564008,5.71310718018929e-09
0.410371572089317,0.102738608925051,9,12,4,4,FALSE,FALSE,0.999333835698946,4.77774338126887e-06
0.370088014324417,0.108525463979062,11,13,4,4,FALSE,FALSE,0.363103748486227,8.81819993084536e-08
0.47508291054264,0.136833329792445,6,12,4,4,FALSE,FALSE,0.396009333259239,5.95301903094093e-09
0.443945351467621,0.486553131882812,18,14,5,5,TRUE,TRUE,0.627396077495245,5.48611878833615e-10
0.520835350858379,0.202611408695386,20,14,4,4,FALSE,FALSE,0.00615633843992184,3.47539461657714e-08
0.49448729330388,0.171681377969153,15,13,4,4,FALSE,FALSE,0.770804300964799,1.48701879657229e-07
0.431907839472549,0.171610959734553,7,12,3,5,FALSE,TRUE,0.0192508466845266,9.58077887631245e-10
0.463458051181319,0.154623958319841,14,13,4,4,FALSE,FALSE,0.345133954009055,1.92930812411396e-08
0.42808270514301,0.565055714345441,7,12,5,5,TRUE,TRUE,0.691278679307465,4.11163369352746e-08
0.466351801006718,0.364375009152573,12,13,5,5,TRUE,TRUE,0.158239810543999,3.16985776072405e-08
0.415930609262926,0.0748500143105173,14,13,4,4,FALSE,FALSE,0.779133323226596,1.35923229064364e-06
0.506649730054392,0.01060841470178,7,12,4,4,FALSE,FALSE,0.688297991072331,2.13644644064718e-07
0.491865155694182,0.174302105851201,12,13,5,5,TRUE,TRUE,0.0369340546042646,3.54753105472559e-08
0.366789690803574,0.149389114015023,14,13,3,3,FALSE,FALSE,0.204508916372441,1.0041937062961e-08
0.527117839836913,0.248978657598505,15,13,5,5,TRUE,TRUE,0.0981847176489864,5.93986110056389e-09
0.452151469689509,0.158312078781638,12,13,4,4,FALSE,FALSE,0.268734449285152,1.80200161600492e-07
0.44283633824145,0.531911769564648,6,12,5,5,TRUE,TRUE,0.0699928427514179,9.46157308279755e-10
0.465183642851453,0.417959592057298,12,13,4,4,FALSE,FALSE,0.689779054744171,5.09498512882095e-08
0.477343330813122,0.923933212686821,9,12,5,5,TRUE,TRUE,0.737757104508207,3.38786829955199e-08
0.437619378980843,0.143545531168923,6,12,3,4,FALSE,FALSE,0.679736868819344,1.54295465578905e-08
0.508176009443227,0.333558448911681,9,12,4,4,FALSE,FALSE,0.620081640774321,6.59723174631609e-06
0.487418488844732,0.235043578056866,12,13,4,4,FALSE,FALSE,0.265479744096882,1.03688371463993e-08
0.45650546889158,0.212658136205955,14,13,5,5,TRUE,TRUE,0.598798121855542,2.84691322793344e-08
0.451958814188513,0.721149974968097,20,14,5,5,TRUE,TRUE,0.716162039808522,1.14473205739459e-06
0.438121264723882,0.159870539152313,15,13,4,5,FALSE,TRUE,0.323981195589351,6.7357560153303e-08
0.475896158174432,0.0236697860349238,16,14,4,4,FALSE,FALSE,0.709669649281899,6.47620402132888e-08
0.454697627494109,0.690893657437032,9,12,5,5,TRUE,TRUE,0.817955506826445,8.44699250598359e-08
0.487786362375826,0.218774888083613,14,13,4,4,FALSE,FALSE,0.76079199761048,9.50526259881809e-07
0.477592146396035,0.229247170426746,13,13,5,5,TRUE,TRUE,0.215409523982401,2.42388561637824e-07
0.454829398215245,0.183096357175159,9,12,4,4,FALSE,FALSE,0.728964212742856,4.63411041501467e-07
0.501053895980545,0.000428300371646317,12,13,4,5,FALSE,TRUE,0.570390587908411,2.17672810732107e-06
0.427123500121874,0.140629215457215,9,12,4,5,FALSE,TRUE,0.0763034921543199,2.45436091760693e-07
0.415419724775268,0.190699555833244,15,13,3,3,FALSE,FALSE,0.186842041683094,2.06184241558761e-09
0.439489961451381,0.0364244672414586,6,12,3,3,FALSE,FALSE,0.850432175081252,6.1796457774836e-08
0.519725907540259,0.166155955419046,17,14,4,5,FALSE,TRUE,0.0682859716737583,2.97970517778664e-07
0.542596419969237,0.152828924308628,15,13,4,4,FALSE,FALSE,0.799345441074982,5.46450627191703e-08
0.428405489708377,0.246669870639996,12,13,5,5,TRUE,TRUE,0.107845326583678,2.25605941605094e-09
0.420548619913122,0.497951167536397,17,14,5,5,TRUE,TRUE,0.630909506302464,1.21739424890099e-08
0.510066597181715,0.080774760991603,28,16,4,4,FALSE,FALSE,0.489117268293144,1.51658008179406e-08
0.409769313269654,0.176566953939834,11,13,2,2,FALSE,FALSE,0.870107893358457,1.78692868485872e-07
0.52641285982659,0.443048795721063,11,13,4,4,FALSE,FALSE,0.390448915684071,2.29067003757501e-06
0.494256106215566,0.273144247199876,36,18,5,5,TRUE,TRUE,0.999100218975145,6.40829054919259e-10
0.537492589856818,0.215967974840044,11,13,5,5,TRUE,TRUE,0.47802043817782,1.03038671900761e-06
0.496228174769556,0.122444536878835,12,13,4,4,FALSE,FALSE,0.639075535028192,3.35216575885752e-09
0.392121291332801,0.643239146516133,15,13,5,5,TRUE,TRUE,0.638079930507335,1.310428703585e-05
0.479289204726593,0.0645227854654049,3,11,3,4,FALSE,FALSE,0.916915285695779,3.21924823727066e-07
0.493359756974463,0.1374709831071,13,13,3,3,FALSE,FALSE,0.638729376826373,9.04354249244161e-07
0.422459568442347,0.841423335256068,12,13,5,5,TRUE,TRUE,0.738981106568164,3.57459593893619e-07
0.465831063773886,0.949888185965071,10,12,5,5,TRUE,TRUE,0.327614522724765,3.26057998641375e-08
0.439259343079234,0.800595012149719,8,12,5,5,TRUE,TRUE,0.350118470088154,3.31654985565274e-06
0.426647903190084,0.753738316888355,18,14,5,5,TRUE,TRUE,0.566472979145771,4.4703727924102e-08
0.493923848954873,0.186273447877001,11,13,4,4,FALSE,FALSE,0.824060511316381,4.60089325536401e-07
0.442273693678898,0.290957149239044,12,13,5,5,TRUE,TRUE,0.362728944344704,9.44747865313675e-09
0.421539246350172,0.00715991516813208,12,13,4,4,FALSE,FALSE,0.453083342669523,2.37836454294385e-07
0.498671347563599,0.205108378702436,11,13,3,3,FALSE,FALSE,0.852572922758708,3.25309089224167e-08
0.464729329606836,0.479245293811667,11,13,5,5,TRUE,TRUE,0.0551346723783122,1.55833009071096e-07
0.523295801364645,0.201621151048969,18,14,4,4,FALSE,FALSE,0.289930084582135,9.61766910677079e-08
0.429275824236965,0.556197072306879,9,12,5,5,TRUE,TRUE,0.34359063831345,5.73961783296247e-07
0.505703158738404,0.48413495176939,7,12,5,5,TRUE,TRUE,0.363613878284697,4.83113520031043e-07
0.410788277553604,0.104257770275142,8,12,4,4,FALSE,FALSE,0.2678738415519,5.81736101884379e-08
0.484772607050941,0.665827060698538,25,15,5,5,TRUE,TRUE,0.448623919466712,8.09117597888284e-11
0.477645167647215,0.472705396433063,19,14,4,4,FALSE,FALSE,0.254222133611957,7.56309108437172e-10
0.515080028353203,0.119391685545787,6,12,3,3,FALSE,FALSE,0.477606541411502,4.33617978061307e-05
0.473895249556458,0.532263039311094,18,14,5,5,TRUE,TRUE,0.477534831264449,2.48989602992342e-09
0.565670014643498,0.274404430081165,7,12,5,5,TRUE,TRUE,0.158927772396822,1.7249557012625e-08
0.426784793086311,0.0986304750002776,6,12,3,3,FALSE,FALSE,0.716855793491622,6.16460580478582e-11
0.438675415597685,0.0327939174187222,31,17,4,4,FALSE,FALSE,0.314228535344177,7.46203231485914e-09
0.421608222122888,0.188675482581486,10,12,4,5,FALSE,TRUE,0.358080742731168,4.25502266702311e-08
0.520602170423862,0.508731898343245,28,16,5,5,TRUE,TRUE,0.211037431839216,7.82159091428974e-08
0.484394715986531,0.200432574769942,7,12,3,3,FALSE,FALSE,0.0436585791697214,7.89356271582617e-10
0.427038523403703,0.211806388584834,7,12,4,5,FALSE,TRUE,0.890458851842142,1.1295122318134e-07
0.415591829503952,0.506043004164692,34,17,5,5,TRUE,TRUE,0.679196404662561,5.20718950117301e-08
0.48419260478927,0.349211854076959,9,12,4,5,FALSE,TRUE,0.789314592440841,2.62341247895955e-07
0.396752167648649,0.0923935340759008,27,16,3,3,FALSE,FALSE,0.072831750708834,2.57108537152966e-07
0.456064344205825,0.0672777066924055,10,12,2,2,FALSE,FALSE,0.113896095737969,3.0726683248088e-08
0.434263726321611,0.289470057983364,22,15,5,5,TRUE,TRUE,0.282748223060946,2.6228686574882e-08
0.418832990954327,0.0629694203607829,12,13,5,5,TRUE,TRUE,0.196536940317001,1.19056263422908e-06
0.484760694695858,0.539158165488602,16,14,4,4,FALSE,FALSE,0.720091942141492,5.42178487054566e-09
0.395432951625974,0.168236088704576,12,13,4,4,FALSE,FALSE,0.592872246972356,3.30569659050937e-08
0.396847605689654,0.0430557813857688,10,12,4,4,FALSE,FALSE,0.477328993736056,4.97688626758365e-08
0.475589797748798,0.0195437120425261,22,15,4,4,FALSE,FALSE,0.714129100932925,2.56394289359964e-09
0.466542590153685,0.421034010028251,11,13,5,5,TRUE,TRUE,0.220992819767023,3.99648468260329e-08
0.397464414508321,0.18389041308528,28,16,3,3,FALSE,FALSE,0.832277672802495,2.93042855184623e-09
0.500211134179033,0.0725245138362745,8,12,4,4,FALSE,FALSE,0.0405383508710511,8.46242997137486e-08
0.480349111259232,0.258373122136483,18,14,5,5,TRUE,TRUE,0.572707797810717,9.57675654817860e-10
0.500312768436045,0.176172157899432,16,14,4,4,FALSE,FALSE,0.580598293589123,7.8911023721555e-10
0.378874404129204,0.239629234616384,9,12,5,5,TRUE,TRUE,0.310083336550969,1.69519430692044e-07
0.463734358520179,0.150467880837926,8,12,3,3,FALSE,FALSE,0.525358463765292,7.23806985406606e-07
0.548345586919161,0.628186153867915,21,15,5,5,TRUE,TRUE,0.342886232435981,4.12209882743138e-07
0.459837296469375,0.606837701569833,18,14,5,5,TRUE,TRUE,0.145142989789272,1.09580900982576e-07
0.497530701014138,0.386397434484834,25,15,5,5,TRUE,TRUE,0.800009102841457,8.11028071942629e-08
0.451924610069109,0.0102355652789115,12,13,3,3,FALSE,FALSE,0.644262219831464,2.23354530217744e-07
0.417321163821671,0.417062619409762,8,12,5,5,TRUE,TRUE,0.509687860732094,1.15927325221821e-06
0.523844557700944,0.664951993690342,18,14,5,5,TRUE,TRUE,0.0369459843874949,1.79319369479339e-09
0.435550476520887,0.883604525539498,13,13,5,5,TRUE,TRUE,0.607524419838642,7.28239254629374e-08
0.433204338406426,0.139077048964804,8,12,4,4,FALSE,FALSE,0.292898033143011,3.06374720315101e-07
0.477566105374475,0.343309633296077,12,13,5,5,TRUE,TRUE,0.910504959174248,6.42768295710853e-10
0.452830090166579,0.115158675227548,12,13,3,3,FALSE,FALSE,0.576434068861824,1.18876234411686e-06
0.574538878642044,0.209279429989429,14,13,5,5,TRUE,TRUE,0.517567312232222,6.38684105508259e-09
0.475648289543555,0.249815687528268,12,13,5,5,TRUE,TRUE,0.57768963479558,1.21164159192919e-07
0.489833244350718,0.121274452941745,24,15,4,4,FALSE,FALSE,0.0435461326515566,4.90640331524296e-11
0.465461427197407,0.416010016233214,18,14,5,5,TRUE,TRUE,0.396000489598329,1.24744312319416e-08
0.408776877619119,0.327779157128666,21,15,5,5,TRUE,TRUE,0.539849072047951,1.01630836199691e-07
0.428676103750525,0.0313646650230166,7,12,5,5,TRUE,TRUE,0.0983556476171437,4.59656126545546e-07
0.360807287078155,0.167569173233208,10,12,4,4,FALSE,FALSE,0.802160045022177,2.70511136966565e-10
0.48104978293494,0.429863661856307,17,14,5,5,TRUE,TRUE,0.204734181287706,1.76376818523275e-07
0.433269982956972,0.0875958879990377,15,13,4,4,FALSE,FALSE,0.863526076377667,1.3935739795992e-07
0.464013223047662,0.193317849237964,9,12,4,4,FALSE,FALSE,0.936665694776744,9.25494374398428e-07
0.564691581443413,0.0532680142390887,6,12,4,4,FALSE,FALSE,0.129043482449579,6.37972244928225e-09
0.471745439405,0.0690722135750157,18,14,4,4,FALSE,FALSE,0.658799595590927,5.64015985456278e-05
0.369197181352187,0.45109177609605,13,13,5,5,TRUE,TRUE,0.307356316266975,7.55657914820433e-09
0.523230329044693,0.0989733786756317,21,15,4,4,FALSE,FALSE,0.883927273277695,2.24165196885783e-06
0.440276954789118,0.899142376850735,9,12,5,5,TRUE,TRUE,0.586103350853625,7.25043654476642e-07
0.444404653784213,0.0899592690895146,13,13,4,4,FALSE,FALSE,0.895227754385499,5.4867810455997e-07
0.466301607725366,0.0993403495901251,14,13,3,3,FALSE,FALSE,0.217415199268485,7.73703932778425e-07
0.393740005480912,0.288783328623262,7,12,4,4,FALSE,FALSE,0.175471390965827,5.57519061937828e-07
0.439234823420417,0.272240726423,9,12,4,4,FALSE,FALSE,0.872398495353526,4.79178267038725e-09
0.493204453481181,0.0489019765918171,7,12,4,4,FALSE,FALSE,0.282320346655365,5.52286814097977e-08
0.389030843645941,0.245416964182334,7,12,3,3,FALSE,FALSE,0.111077175188875,5.4949952425957e-07
0.414672529219301,0.0235746253522864,23,15,5,5,TRUE,TRUE,0.969714443919373,3.36354390107967e-08
0.410691854428699,0.383363548605614,27,16,5,5,TRUE,TRUE,0.856348207751915,5.49051530552097e-09
0.416333556054609,0.041985530576899,5,11,4,4,FALSE,FALSE,0.503639144172948,1.52641131708751e-07
0.542888604795179,0.122867370386704,20,14,4,4,FALSE,FALSE,0.298113545538815,1.8535440149783e-07
0.492428529993196,0.229103668512209,8,12,5,5,TRUE,TRUE,0.502210185694553,2.24899480469608e-06
0.534694612823445,0.557124961140098,8,12,5,5,TRUE,TRUE,0.380593032091681,9.67668494207635e-09
0.429605367811937,0.926757564946444,6,12,5,5,TRUE,TRUE,0.120457434519695,2.67042009434393e-10
0.471150883176077,0.0926249640216101,8,12,4,5,FALSE,TRUE,0.487505831903037,2.03395148122826e-07
0.472570261142403,0.0461358729741213,8,12,4,4,FALSE,FALSE,0.549984493753076,3.66812659016302e-09
0.412135895962277,0.661468353491607,7,12,5,5,TRUE,TRUE,0.306777685611047,1.13373073730469e-07
0.456253017791412,0.37901390596174,21,15,5,5,TRUE,TRUE,0.438206916924389,6.62764934189286e-10
0.45138696502488,0.264136414728214,16,14,5,5,TRUE,TRUE,0.335750516522258,1.5616793011382e-05
0.456830546444206,0.355792414863786,8,12,5,5,TRUE,TRUE,0.842463210506762,9.76082141261296e-09
0.538678903132336,0.167347267923931,7,12,4,4,FALSE,FALSE,0.254570109371457,1.76160349113173e-08
0.405640453952358,0.952005414761866,12,13,5,5,TRUE,TRUE,0.884887895273346,3.28978920832955e-07
0.408627237983824,0.287990019633882,8,12,3,4,FALSE,FALSE,0.578790105365212,5.41389447312637e-08
0.39221971723343,0.0111906124110441,12,13,4,4,FALSE,FALSE,0.921094546776367,7.47537665864758e-06
0.414341512247463,0.00658562438790922,54,21,4,4,FALSE,FALSE,0.805925274928594,1.54751073880584e-11
0.517101031283408,0.16588925349176,19,14,3,3,FALSE,FALSE,0.996343785993695,4.73518728957504e-08
0.552956884835798,0.600633929700557,6,12,5,5,TRUE,TRUE,0.172693266007336,1.25238192143962e-08
0.488336419680022,0.280922530785177,22,15,5,5,TRUE,TRUE,0.703134080971896,3.46475585757062e-07
0.406907249808624,0.0349827164961969,15,13,4,4,FALSE,FALSE,0.0765206463812394,2.18125328047843e-07
0.552753035052872,0.0719510165429234,13,13,4,4,FALSE,FALSE,0.735710891201293,7.73054096570191e-06
0.459198399044284,0.123100527004551,10,12,4,4,FALSE,FALSE,0.516767438937285,1.94979787104215e-09
0.4150315333166,0.789041626295228,9,12,5,5,TRUE,TRUE,0.243105273293273,9.24827780345846e-09
0.486955340035697,0.473482566532766,13,13,5,5,TRUE,TRUE,0.0758673104217775,1.23836057700133e-08
0.468533463052967,0.361566284486509,13,13,5,5,TRUE,TRUE,0.424181434631408,1.37880687170808e-08
0.498415025219296,0.617805157905322,8,12,5,5,TRUE,TRUE,0.929704323644766,7.03009397018481e-07
0.573976108380207,0.291449616807867,10,12,5,5,TRUE,TRUE,0.837895683511726,2.05310251923558e-06
0.442435089393794,0.111830630167567,15,13,4,4,FALSE,FALSE,0.43097124875621,1.30371806771162e-08
0.470138047224349,0.0881591323616684,11,13,4,4,FALSE,FALSE,0.770558681112703,3.21128536428416e-08
0.399988291574763,0.350568376695323,14,13,4,4,FALSE,FALSE,0.153117740459194,4.93059163410029e-10
0.492411786289992,0.0236475395315066,9,12,1,2,FALSE,FALSE,0.269719966903173,3.69714028189471e-07
0.499310720981852,0.0410791860298416,8,12,3,3,FALSE,FALSE,0.567706861790053,1.02597755199409e-06
0.348620352570129,0.785357584095182,15,13,5,5,TRUE,TRUE,0.419684066082349,3.94119873290093e-06
0.501493654925935,0.180765303224135,17,14,5,5,TRUE,TRUE,0.840139885368922,1.92387167591941e-09
0.475243007035547,0.877409162582156,9,12,5,5,TRUE,TRUE,0.19609816050788,1.3764399053749e-07
0.451678921071707,0.030371895599494,18,14,4,4,FALSE,FALSE,0.641668387987261,2.79300496794516e-06
0.498113718711691,0.102596991076175,7,12,3,4,FALSE,FALSE,0.135097616423479,5.5709950460547e-07
0.453762694535563,0.381314906131825,11,13,5,5,TRUE,TRUE,0.863603461197274,2.97316848767291e-08
0.378257559001786,0.434878727992712,16,14,5,5,TRUE,TRUE,0.629740350064935,1.06504155381733e-07
0.432734726533291,0.165516890219299,9,12,4,4,FALSE,FALSE,0.0858118554239187,1.54868053510307e-07
0.443410469126765,0.177206853604649,6,12,4,4,FALSE,FALSE,0.307996203591371,8.79438265139124e-09
0.440935169062459,0.735393998437084,10,12,5,5,TRUE,TRUE,0.0111408574845166,2.67292563106793e-10
0.603350561068304,0.672071918796506,20,14,5,5,TRUE,TRUE,0.564532316449606,4.97077980157186e-07
0.557455430376428,0.175519220649265,8,12,4,4,FALSE,FALSE,0.25880251806948,7.33927211099004e-10
0.464838573030886,0.14152046419593,9,12,4,5,FALSE,TRUE,0.287777405443938,3.04483626271131e-08
0.547423849294923,0.0208344460310332,27,16,4,4,FALSE,FALSE,0.46106055860329,2.39502153094718e-07
0.511239969030733,0.504846335623422,11,13,5,5,TRUE,TRUE,0.78009780341205,9.25040608745326e-07
0.528183190829387,0.320967792244931,21,15,4,4,FALSE,FALSE,0.858805757442081,1.67156397290451e-07
0.487650615154818,0.474938805864023,13,13,5,5,TRUE,TRUE,0.892414325734869,2.18224531691484e-07
0.473587040148818,0.692767758876014,23,15,5,5,TRUE,TRUE,0.97605094633904,9.15906122402933e-09
0.399921656445367,0.170526304158725,15,13,4,4,FALSE,FALSE,0.830947427653424,6.1703172545952e-09
0.459419912550021,0.119238532334942,13,13,4,4,FALSE,FALSE,0.415821869568215,1.50228922124836e-06
0.391424402767502,0.0831981956272445,14,13,4,4,FALSE,FALSE,0.938153101998964,2.06953785877953e-06
0.472281170673955,0.0170955973574625,7,12,3,3,FALSE,FALSE,0.113821870320876,1.30075007468441e-08
0.49223584953129,1.00335336399672,10,12,5,5,TRUE,TRUE,0.173910741296955,5.55512144892511e-07
0.489823690207298,0.187041199511049,7,12,5,5,TRUE,TRUE,0.128077699157178,2.679210146052e-07
0.441879077843216,0.289055706961916,7,12,4,4,FALSE,FALSE,0.787588299938009,1.03185708091567e-08
0.408555895025215,0.255314947363341,8,12,5,5,TRUE,TRUE,0.95701999772673,7.72348973663943e-08
0.449357179111481,0.0517373044885137,12,13,3,4,FALSE,FALSE,0.878378157849524,2.17011424783218e-07
0.432015153456176,0.0776020791710432,16,14,4,4,FALSE,FALSE,0.6216389153339,5.34808190988478e-08
0.444471094470556,0.706038105035183,17,14,5,5,TRUE,TRUE,0.111174214102765,1.13620713583131e-06
0.369686757786166,0.162900847821351,15,13,4,4,FALSE,FALSE,0.376896997332408,1.98329165626313e-05
0.486252785812522,0.366528675946865,15,13,5,5,TRUE,TRUE,0.169802809098191,4.27842792948244e-08
0.386316019231498,0.1850488256873,14,13,4,5,FALSE,TRUE,0.571799174602843,9.68354177212109e-09
0.444156377017477,1.09159047693266,16,14,5,5,TRUE,TRUE,0.283363246102362,1.70322974151258e-07
0.484498893639168,0.391047419360341,9,12,5,5,TRUE,TRUE,0.908372015056993,6.2752315111688e-07
0.431493693270411,0.337420530194294,10,12,5,5,TRUE,TRUE,0.115695810205324,8.24123647550608e-08
0.549308411508245,0.00144828769873007,29,16,4,4,FALSE,FALSE,0.915663177537394,2.51360505892619e-10
0.450151569682626,0.326941890642958,23,15,5,5,TRUE,TRUE,0.0860839267182169,2.18839685418989e-08
0.344525091432851,0.328650591978646,10,12,5,5,TRUE,TRUE,0.392004311330655,9.36874979653768e-08
0.45562997551206,0.053185781245735,10,12,4,4,FALSE,FALSE,0.387693698668334,3.75722548856101e-07
0.364746296828049,0.285218268475822,23,15,5,5,TRUE,TRUE,0.0735001501624176,2.30574437274436e-07
0.440108078891553,0.322561730419481,9,12,5,5,TRUE,TRUE,0.790796053497932,1.38377298397634e-08
0.378827867139025,0.22999640550447,11,13,5,5,TRUE,TRUE,0.358753024423626,8.07000682466345e-07
0.506244228782536,0.491351608699452,12,13,5,5,TRUE,TRUE,0.863177965755618,6.42781291897339e-07
0.389389578526393,0.445325537730873,35,17,5,5,TRUE,TRUE,0.834305390679968,9.7976401817543e-10
0.431058825358423,0.462987194839245,24,15,5,5,TRUE,TRUE,0.0392315990098321,1.42116322698494e-08
0.445466073208845,0.29035068126231,7,12,5,5,TRUE,TRUE,0.562965704849772,2.39074213975194e-09
0.582410760115015,0.829646045473958,14,13,5,5,TRUE,TRUE,0.517766079345227,9.43610235605789e-08
0.401926735184168,0.181559021064145,13,13,4,4,FALSE,FALSE,0.949348992290083,7.87400118673518e-08
0.546681609044236,0.499976071527932,10,12,5,5,TRUE,TRUE,0.484782728262993,1.14594921711943e-07
0.408705270610613,0.441082251198848,19,14,5,5,TRUE,TRUE,0.227128522107579,9.08998993109551e-08
0.504470449793464,0.114905243716271,10,12,4,4,FALSE,FALSE,0.397077112723154,2.72599088717937e-06
0.501076618507703,0.197224667533937,22,15,3,3,FALSE,FALSE,0.150360382402106,3.03637454614328e-09
0.431789006828319,0.0880595357893927,7,12,4,4,FALSE,FALSE,0.782206479943765,4.55528814496793e-10
0.455656900141633,0.237405257620917,24,15,5,5,TRUE,TRUE,0.548158664122376,1.10279026732977e-06
0.472173028267343,0.0979524618885739,15,13,3,3,FALSE,FALSE,0.840478781395584,1.04704036593969e-08
0.45545124928217,0.248430434538408,15,13,5,5,TRUE,TRUE,0.30410567362825,6.68103157372555e-08
0.454082274783334,0.223036034589516,9,12,5,5,TRUE,TRUE,0.202463926254784,2.0009619171619e-07
0.452082666609407,0.154818205209958,4,11,2,2,FALSE,FALSE,0.640974360945046,1.05682723140468e-09
0.470704719092284,0.539573864133881,10,12,5,5,TRUE,TRUE,0.446593613599937,4.3143887325715e-09
0.502833768723059,0.746645904915023,8,12,5,5,TRUE,TRUE,0.698763192231584,3.17537719750541e-07
0.508147585633624,0.387500237813231,22,15,5,5,TRUE,TRUE,0.51827933667446,1.20858326533373e-08
0.45784641572787,0.686175088101164,8,12,5,5,TRUE,TRUE,0.626545130453584,9.04947535873837e-10
0.495936761020791,0.346801722453618,25,15,5,5,TRUE,TRUE,0.174371705796631,1.51356921730279e-11
0.411862846658991,0.339935944114504,8,12,4,4,FALSE,FALSE,0.630957649067785,8.10864901346078e-09
0.497367476390004,0.00598278111881045,12,13,4,4,FALSE,FALSE,0.835603518829392,3.31130359804475e-07
0.447600906889173,0.821427912185203,19,14,5,5,TRUE,TRUE,0.0438356775591438,1.10096153060052e-08
0.428978439055947,0.162402504538121,10,12,4,4,FALSE,FALSE,0.648644240442957,2.09678871262243e-07
0.464277242470814,0.30062388687622,10,12,5,5,TRUE,TRUE,0.0532629256156369,5.70160020033805e-07
0.424910281293924,0.850952361011434,17,14,5,5,TRUE,TRUE,0.337994794384625,4.0370573478011e-09
0.439596453817772,0.0431747913780525,20,14,4,4,FALSE,FALSE,0.407953607429371,1.41203934465792e-06
0.405867779556829,0.413575797812959,12,13,5,5,TRUE,TRUE,0.241872798633753,1.98122845031372e-08
0.450749591530532,0.614474312358223,13,13,5,5,TRUE,TRUE,0.733166324497078,1.01874810704907e-07
0.496488501136316,0.250088384379257,6,12,4,5,FALSE,TRUE,0.744070341248351,2.96461505991825e-07
0.458635110248376,1.00585614731956,8,12,5,5,TRUE,TRUE,0.644844358861134,3.63628240218853e-09
0.435950812682473,0.282945097156935,19,14,5,5,TRUE,TRUE,0.855932797824885,2.17458083577333e-07
0.447091322106992,0.255706008800038,21,15,4,4,FALSE,FALSE,0.727637907756651,4.63669860398997e-06
0.491438007684691,0.0191942667570917,12,13,4,4,FALSE,FALSE,0.490375751037719,1.96217753977814e-06
0.398347318506678,0.0873997887082294,27,16,4,5,FALSE,TRUE,0.439346087005321,4.50127212600225e-08
0.421132781899475,0.41619030911652,19,14,5,5,TRUE,TRUE,0.456078277029264,9.39045569443071e-07
0.525651392721546,0.0345915926608842,11,13,4,4,FALSE,FALSE,0.470638345632432,3.16880837375306e-08
0.414519789127797,0.124153008177836,12,13,3,3,FALSE,FALSE,0.675280245917204,1.56155137152494e-08
0.536370071463213,0.0768727874358976,7,12,3,3,FALSE,FALSE,0.856475415681914,8.41807749305578e-10
0.449533798284617,0.0704250500184507,22,15,5,5,TRUE,TRUE,0.473723251382501,4.92445907141001e-07
0.496973162462045,0.352035721117498,35,17,5,5,TRUE,TRUE,0.675910052150568,1.28996083367351e-09
0.448533099192385,0.339544123649872,7,12,5,5,TRUE,TRUE,0.951179418283401,1.42694455900807e-08
0.479314855194526,0.108683108958901,6,12,5,5,TRUE,TRUE,0.624448848036712,2.76763011548175e-07
0.497168257904598,0.466555984002455,19,14,5,5,TRUE,TRUE,0.609201949067627,1.34541927841006e-07
0.421788512654275,0.675683828197009,14,13,5,5,TRUE,TRUE,0.621866497282885,3.77369291095999e-07
0.428881985573476,0.160261121889184,18,14,5,5,TRUE,TRUE,0.71649343243998,3.30843807253584e-06
0.469244520008491,0.0994625763707369,9,12,2,2,FALSE,FALSE,0.263138462556519,6.68840585149177e-07
0.463167028797861,0.887844748951427,16,14,5,5,TRUE,TRUE,0.302291907733194,3.27477649746305e-08
0.466228501740269,0.480412471090861,11,13,5,5,TRUE,TRUE,0.557103868987848,4.57190716826234e-08
0.39854170044556,0.365180564103079,17,14,5,5,TRUE,TRUE,0.347729596730164,1.82306495256452e-07
0.573915965913975,0.3640017601923,7,12,4,4,FALSE,FALSE,0.328730441101215,4.9165510641739e-08
0.494917975282998,0.247284233438578,17,14,5,5,TRUE,TRUE,0.162304895352011,4.59463795987622e-09
0.440726068083344,0.21994755550965,8,12,5,5,TRUE,TRUE,0.00305407331373896,1.15135827620708e-08
0.454407009739945,0.0412403607224103,6,12,3,3,FALSE,FALSE,0.0454904309113277,2.07164743527531e-08
0.404688133698178,0.665563325965118,22,15,5,5,TRUE,TRUE,0.12240677262611,6.07944904302609e-11
0.518189635606724,0.410878640940124,18,14,5,5,TRUE,TRUE,0.133696373842402,3.92463658565213e-08
0.475095995400819,0.485108292871743,29,16,5,5,TRUE,TRUE,0.223119773798925,8.28829285626177e-10
0.522029423276053,0.552874986780342,27,16,5,5,TRUE,TRUE,0.933770282478244,2.39446499915185e-07
0.424353522855831,0.151107597032185,13,13,4,4,FALSE,FALSE,0.336362177956274,1.70399292840967e-09
0.470163922056371,0.00349960306843666,17,14,5,5,TRUE,TRUE,0.367373491068297,2.21455340641091e-09
0.485770145313494,0.920092701767404,17,14,5,5,TRUE,TRUE,0.290550768142093,3.29170530972193e-09
0.445149150247477,0.738034699464035,11,13,5,5,TRUE,TRUE,0.138608301613046,1.81322033200894e-09
0.389472276251928,0.129670665359939,22,15,4,4,FALSE,FALSE,0.64075932697582,2.4865397437701e-09
0.455022372336013,0.132426957493836,12,13,3,3,FALSE,FALSE,0.956128581817582,2.69586128505411e-07
0.461426915065645,0.666459817118859,9,12,5,5,TRUE,TRUE,0.415269353435313,2.26538702208248e-06
0.482993960250651,0.310052872749744,16,14,4,4,FALSE,FALSE,0.47269448785017,6.38716446835263e-07
0.513421754388601,0.339450909431509,11,13,5,5,TRUE,TRUE,0.790621500032359,9.15654921413533e-07
0.489690508975199,0.0861308094847966,13,13,3,4,FALSE,FALSE,0.681025941303149,2.24815450860767e-06
0.498683998797609,0.68610416695235,11,13,5,5,TRUE,TRUE,0.401454181885192,2.26638005842098e-08
0.524509027306137,0.3685439249168,9,12,5,5,TRUE,TRUE,0.86371038241094,1.3033545093706e-07
0.411550668886219,0.392208829889874,12,13,5,5,TRUE,TRUE,0.649843053904389,4.13428561320045e-08
0.514601825535759,0.356037796022338,7,12,4,4,FALSE,FALSE,0.634037494973041,3.59761049033937e-08
0.446622216540436,0.404187412017719,5,11,5,5,TRUE,TRUE,0.672705129481681,4.54172960640413e-07
0.515308900907394,0.675905863891453,11,13,5,5,TRUE,TRUE,0.485577276211985,2.71854135725306e-08
0.52779628408514,0.452206733184634,6,12,5,5,TRUE,TRUE,0.854051227828711,2.48300712186133e-08
0.461139595113875,0.483659837534941,12,13,5,5,TRUE,TRUE,0.855293413335034,2.59661289828762e-08
0.433470075444061,0.230055578949759,16,14,4,4,FALSE,FALSE,0.843168562526527,2.71690476663606e-08
0.40189688733106,0.138892644292133,23,15,4,4,FALSE,FALSE,0.375021420762894,4.89330486804071e-06
0.527178439109502,0.0756662142785669,18,14,5,5,TRUE,TRUE,0.134380717901924,5.4619399232854e-09
0.473073917378263,0.187359345837204,7,12,4,5,FALSE,TRUE,0.681229065101601,3.09575647932397e-09
0.528782593491199,0.11221053435928,5,11,3,4,FALSE,FALSE,0.318543254401537,1.72759892178234e-07
0.425630254634847,0.00300568077368268,13,13,4,4,FALSE,FALSE,0.597528932482809,3.02459910922009e-09
0.512521928585921,0.41684532321613,12,13,5,5,TRUE,TRUE,0.610799853598614,3.34995152573052e-08
0.389615281023209,0.532094854553167,10,12,5,5,TRUE,TRUE,0.941270948200752,2.28705621393917e-07
0.506941456697028,0.299306242320616,9,12,5,5,TRUE,TRUE,0.480069731588385,2.47712268304739e-07
0.432191959297199,0.230850966651226,7,12,4,5,FALSE,TRUE,0.775464175128032,1.06937829906079e-09
0.547196035426869,0.700454976804237,23,15,5,5,TRUE,TRUE,0.829346699627541,1.146354399639e-07
0.459964293792854,0.296237321015764,9,12,4,4,FALSE,FALSE,0.0316431512849892,2.89023394329915e-08
0.537384402504212,0.917606109488306,12,13,5,5,TRUE,TRUE,0.976724409946192,1.26910943812619e-06
0.419076338709906,0.119700269051282,18,14,4,4,FALSE,FALSE,0.500139053694014,8.49966261598692e-08
0.411830752802205,0.0559003547828814,4,11,3,4,FALSE,FALSE,0.337838787031855,1.70469524342037e-08
0.386312845581662,0.400163503185382,37,18,5,5,TRUE,TRUE,0.726027397260274,1.32713912278394e-14
0.5122044933185,0.632626407683429,7,12,5,5,TRUE,TRUE,0.124815247665899,7.79527684397133e-10
0.426689498273825,0.432141534491778,11,13,5,5,TRUE,TRUE,0.930780401915183,1.41812721526533e-07
0.462620779400583,0.10253674195326,13,13,2,3,FALSE,FALSE,0.772025755854852,5.23095400844784e-08
0.408667683943737,0.294212860333797,6,12,5,5,TRUE,TRUE,0.983302981839488,2.26344153817669e-07
0.469056616361071,0.920648423837235,28,16,5,5,TRUE,TRUE,0.508736739826394,1.28759865182215e-05
0.502278916008039,0.413368945471184,16,14,5,5,TRUE,TRUE,0.0308934259477827,4.28498183018865e-10
0.417575737769123,0.0283592152173435,8,12,4,4,FALSE,FALSE,0.835236708671942,1.01147536677963e-07
0.389156865744222,0.198413478506264,24,15,5,5,TRUE,TRUE,0.715336574431293,7.13535231978043e-08
0.433294226792253,0.428074245583137,25,15,5,5,TRUE,TRUE,0.703585235995092,5.76104472512317e-11
0.445692009668937,0.0379662131650773,4,11,2,3,FALSE,FALSE,0.431164618157281,8.13934026811617e-10
0.510820567786378,0.11145942732309,12,13,4,4,FALSE,FALSE,0.523047405486913,1.76290271055889e-08
0.531556789878526,0.0616085317019781,11,13,3,3,FALSE,FALSE,0.823222176058611,3.69966724436218e-08
0.40150624270135,0.496038519585508,29,16,5,5,TRUE,TRUE,0.423160655744823,5.10088880235608e-07
0.428878142067808,0.24583747869688,5,11,4,5,FALSE,TRUE,0.951143926823202,6.27847813698069e-07
