citation_key,identifier,year,venue,venue_verified,type,setting_or_problem,key_finding_relevant_to_project,relation_to_project,verified_how,limitation_or_caveat
loftus_taylor_2015,arXiv:1511.01478,2015,arXiv preprint (no journal record found),n/a,methods,Forward stepwise with groups; truncated chi (known sigma) and truncated F (unknown sigma) tests conditional on the ordered selected path plus the direction/nuisance statistics,"Conditions on the full ordered path and on z (the saturated-model choice); authors write 'Conditioning on (z, v_Delta, v_2) reduces power, but it is unclear how to compute the truncation region without using this strategy' (Sec 4) and 'Optimizing computation to make increased power feasible by not conditioning on z is an area of ongoing work' (Sec 3.1); Prop 6.1: truncation limits set by neighbouring statistics, 'a close lower limit ... results in low power'",supports (foundation of gof_groupfs; documents its over-conditioning),full text read (agent); two quotes spot-checked by me in extracted text,"Goodness of fit / whole-model test not discussed; assumes linear model may be misspecified (saturated model), which the authors say lowers power"
loftus_taylor_2014,arXiv:1405.3920,2014,arXiv preprint,n/a,methods,Significance test for forward stepwise with groups; conditions on maximiser and direction; exact only under global null,p-values 'increasingly stochastically larger than uniform further down the path' (Sec 3.3); ForwardStop TPP 0.05-0.08 in Table 2,partially supports (early version; superseded by 2015 paper),full text read (agent),Known covariance; not a test of a selected model as a whole
fithian_sun_taylor_2014,"arXiv:1410.2597 (v4, 2017)",2014,arXiv preprint,n/a,theory,Optimal (UMPU) conditional inference after selection; selected vs saturated model; data carving,"Eq 21: expected information lost by conditioning on S equals the information S carries; Prop 3 'we will typically sacrifice power as we move from coarser to finer selection variables'; p.23 'The selected-model approach is especially well-suited for testing goodness of fit of a selected linear model'; Sec 7 (n=100,p=200,7-sparse): conditional power 0.80 Carve100 vs 0.97 Carve75 vs 0.47 Split75; 'Carve98 and Carve99 have much higher power than Carve100: 91%, 86%, and 80%'",supports (theory of the power loss and of the remedy),full text read (agent); GOF quote and Carve98/99 quote spot-checked by me,No F test analysed; simulation is for a single coefficient with known sigma
fithian_etal_2015_sequential,arXiv:1512.02565,2015,arXiv preprint,n/a,methods,Selective sequential model selection: step-wise selected-model vs saturated-model p-values with stopping rules,'selected-model tests can be dramatically more powerful than saturated-model tests'; Example: saturated test of poor fit has power alpha=0.05 while selected-model test 'rejects about half of the time'; Table 3: P(k-hat >= k0) 0.04 saturated ForwardStop vs 0.66 max-z ForwardStop; conditioning on the entire path called 'rather unappealing for both computational and statistical reasons' (Sec 3.2),supports (closest existing framing of 'stopped too early?'),full text read (agent); two quotes spot-checked by me,All tests are single-step; a block test of M0 vs the next m steps is not discussed; selected-model p-values with unknown sigma need conditioning on ||Y||^2
tibshirani_etal_2016,doi:10.1080/01621459.2015.1108848; arXiv:1401.3889,2016,JASA,Crossref/S2,methods,Exact polyhedral tests for forward stepwise and LAR steps,Conditions on ordered active set plus signs; Sec 4.7 'a greater degree of conditioning will generally lead to less powerful tests and wider intervals'; Sec 6.1 at step 2 spacing/covariance tests give about 82% power vs 35% for exact TG tests at a nominal 10% level,supports,"full text read (agent); 82%/35% quote spot-checked by me (level is 10%, not 5%)",Sec 2.3 mentions AIC-stop ('rises twice in a row') as a polyhedral event but no multi-step test
gsell_etal_2016,doi:10.1111/rssb.12122; arXiv:1309.5352,2016,JRSS-B,S2,methods,ForwardStop / StrongStop stopping rules from sequential p-values,"Rules need null p-values 'independently drawn from U([0,1])' after the last non-null; conclusion: not true 'for any of the existing sequential p-value procedures that we are aware of' except orthogonal design",partially supports (context for the package's stopping rule),full text read (agent),Not about power of a block test
lee_etal_2016,doi:10.1214/15-AOS1371; arXiv:1311.6238,2016,Annals of Statistics,S2,methods,Polyhedral lemma for the lasso; conditioning on model only via union over signs,"Conditioning on the model only is 'more efficient (i.e., narrower intervals, more powerful tests), at the price of more computation'; 2^|M| sign patterns 'not feasible when we select hundreds of variables'; wide intervals 'when a variable just barely entered the model'",supports,full text read (agent),Single linear contrasts only
liu_markovic_tibshirani_2018,arXiv:1801.09037,2018,arXiv preprint,n/a,methods,Minimal conditioning for full-model and selected-model targets; pathwise/grid computation for black-box selectors,"{j in M-hat} 'is precisely the minimal conditioning event'; stabilised-target intervals 'roughly half as long' as sign-and-model-conditioned ones (prostate, HIV data; n=100,p=1250 sim); grid recipe works with 'any blackbox model selection procedure'; forward stepwise K steps is {Ay >= 0}",supports,full text read (agent),Interval lengths only; no F or group tests; figures unreadable
sugiyama_leduy_takeuchi_2021,arXiv:2012.13545,2021,ICML 2021 (per Semantic Scholar; not stated on arXiv page),S2 only,methods,Homotopy / parametric programming SI for stepwise feature selection conditioning only on the final selected set,Over-conditioning on history and signs 'significantly decreases the power' (Sec 5.1); AIC-based stopping handled: history event 'characterized by a finite number of quadratic inequalities of z' (Lemma 2); K by CV in App E; Loftus (2015) described as 'highly over-conditioned',supports (direct computational template for conditioning on less),full text read (agent); over-conditioning quote spot-checked by me,Single-coefficient linear statistic only; TPR numbers only in figures; no group/F statistics
leduy_takeuchi_2021,arXiv:2004.09749,2021,"AISTATS 2021 (PMLR 130), per PDF",arXiv PDF,methods,Parametric programming for lasso SI with minimal conditioning; CV lambda handled,"'the minimum amount of conditioning {A(Y)=A(y_obs), q(Y)=q(y_obs)}'; validation error 'a piecewise-quadratic function of z'; worst-case cost 'still grows exponentially ... this worst case rarely happens in practice'",supports,full text read (agent),Linear single-coefficient statistic
shiraishi_etal_2024,arXiv:2307.11351; doi:10.1007/s42081-024-00247-0,2024,Japanese Journal of Statistics and Data Science 7(2):633-665,Crossref,methods,Anytime lower/upper bounds on parametric-programming p-values; includes a selective chi test for a group in forward stepwise with history removed,"Problem is computational cost and finite search range, not p-values failing to reach 0; Thm 1 anytime bounds; Sec 4.1 forward-stepwise group chi test H0: ||P mu||=0 with P the projection onto the residualised group; fn 4: conditioning on the nuisance component is an over-conditioning 'PP-based SI and other existing SI approaches cannot avoid'",supports (closest existing computation to a minimally conditioned group chi test),full text read (agent); Crossref venue,Fixed number of steps K; known sigma chi test; no stopping rule; no F test
lin_tan_li_2023,arXiv:2311.13768 (v2 2026),2023,arXiv preprint,n/a,methods,Exact SI after best-subset AIC selection,AIC event 'a union of finitely many intervals on the real line ... avoids the excessive conditioning'; Monte Carlo test for unknown sigma conditioning on the radius,partially supports,full text read (agent),Linear statistic; best subset not stepwise
yang_etal_2016,arXiv:1607.08211,2016,NeurIPS 2016 (per citing paper),citing paper only,methods,Selective inference for group-sparse models incl. forward stepwise with groups,"Conditions on 'the ordered sequence g1,...,gT of selected groups'; notes Loftus & Taylor 'need to condition on the direction dir_L(Y)' after which the norm is not noncentral chi; adds lower confidence bounds",partially supports (same p-value as Loftus & Taylor),full text read (agent),Power vs Loftus & Taylor not discussed
azais_decastro_mourareau_2018,doi:10.3150/16-BEJ885; arXiv:1503.05093,2018,Bernoulli 24(1),Crossref,theory,Power of the spacing test for LARS (global null),Thm 1 test is unbiased; Thm 5 alpha^{-1}P(S<=alpha) -> infinity; simulations: Pearson chi^2 'seems to be ... uniformly more powerful' except when there is 'a major gap between the dominant component and the rest',partially supports (only formal power analysis of a sequential selective test found),full text read (agent); Crossref venue,Global null only; no power-to-alpha theorem
sood_2024,arXiv:2411.13764,2024,arXiv preprint,n/a,theory,Selectively dominant p-values; inference after arbitrary selection via a known selection function,"F-test p-value 'has an exact Unif([0,1]) distribution given X, so it is trivially selectively dominant given Z=X' (Example 5); requires the selection function s(p,Z) to be known",mentions (does not remove the need to condition when selection depends on Y beyond p),full text read (agent),No forward stepwise / GOF / nested-model discussion
kivaranovic_leeb_2021,doi:10.1080/01621459.2020.1732989; arXiv:1803.01665,2021,JASA 116(534):845-857,Crossref,theory,Length of polyhedral post-selection confidence intervals,"Prop 1: for W ~ TN(theta, s^2, T), 'If T is bounded either from above or from below, then E[U(W)-L(W)] = inf'; lasso sign-conditioned truncation always bounded on one side; Remark 3 notes the result applies to any finite union of polyhedra and points to truncated t and F cases without analysis",supports (mechanism behind near-zero power),full text read (agent); Prop 1 spot-checked by me,"Intervals, not tests; no F-statistic analysis"
kivaranovic_leeb_2024,doi:10.1214/24-EJS2232; arXiv:2007.12448,2024,Electronic Journal of Statistics 18(1),Crossref,theory,Bounded length with randomized response or carving plus polyhedral method,Thm 3.1 length < sigma(Phi^{-1}(a2)-Phi^{-1}(a1)) sqrt(1+sigma^2/tau^2); carving price 'at most the factor 1/sqrt(1-delta)'; 'sacrificing some power in the model-selection step results in an significant increase in power in subsequent inferences',supports,full text read (agent); Crossref venue,Gaussian single contrast; bound holds with plug-in variance (Remark 3.2)
tian_taylor_2018,doi:10.1214/17-AOS1564; arXiv:1507.06739,2018,Annals of Statistics,S2,theory,Selective inference with a randomized response,"Lemma 5: with Gaussian randomization N(0,gamma^2) 'the leftover Fisher information is bounded below by (1-tau)I(theta), tau = sigma^2/(sigma^2+gamma^2)'; Fig 3 lasso: Type II error from 0.2 to below 0.05 with randomization that 'barely affects model selection'; selective CLT for fixed p",supports,full text read (agent); Lemma 5 spot-checked by me,sigma^2 'considered known' in regression section; high-dimensional asymptotics left open
rasines_young_2023,doi:10.1093/biomet/asac070; arXiv:2102.02159,2023,Biometrika,S2/Crossref,methods,"(U,V) randomised splitting: U=Y+W for selection, V=Y-W/gamma for inference","Thm 1 asymptotic validity with unknown sigma using a sigma-hat from the first n/2 observations and convex selection events; Table 4 (n=200,p=30,90% CIs): split 0.899 vs randomised 0.644 at f=3/4, rho=0.5; Prop 2 carved randomised intervals never longer than V-only; Prop 3 carving after a split can have infinite expected length","supports (simplest valid, non-degenerate alternative)",full text read (agent),Text claims 'roughly 75% shorter' but table ratios are 23-29% (agent flag); gamma parametrisation inconsistent in text; no comparison with polyhedral methods by simulation
leiner_etal_2025,doi:10.1080/01621459.2023.2270748; arXiv:2112.11079,2025,JASA,S2,methods,"Data fission f(Y)=Y+tau Z, g(Y)=Y-Z/tau",Thm 2 fixed-design regression; a=1/(1+tau^2) equates information split; unknown sigma requires conditioning on sigma-hat 'which may not have a tractable distribution in high dimensional settings'; guarantees only under correct error distribution,partially supports,full text read (agent),Goodness of fit not discussed; no comparison with conditional SI
neufeld_perry_witten_2026,arXiv:2604.09779,2026,arXiv preprint (review),n/a,review,"Unifying review of conditioning, splitting, carving, thinning, fission","Full conditional SI 'may leave little Fisher information ... infinitely wide in expectation'; Remark 5 conditional goal can 'virtually eliminate all power'; 'a very small amount of randomization suffices to drastically reduce confidence interval widths relative to full CSI'; open problems: information trade-off for the selected parameter, assumption-lean methods",supports,full text read (agent),No goodness-of-fit discussion; simulation uses regression trees
perry_etal_2024_infer_widen,arXiv:2408.06323 (v3 2026),2024,arXiv preprint,n/a,methods,Infer-and-widen vs conditional/thinning for lasso,"With randomized lasso and CV lambda, 'even the unattainable oracle infer-and-widen interval is wider than the attainable data thinning interval'",partially supports,full text read (agent),Widths only in figures
perry_panigrahi_witten_2026,arXiv:2601.13514,2026,arXiv preprint,n/a,methods,Score thinning for penalized M-estimators,Adds/subtracts Gaussian noise to the score; Thm 6 asymptotic conditional coverage; p fixed; group lasso and F-type tests not covered,partially supports,full text read (agent),Fixed p; single contrasts
schultheiss_renaux_buhlmann_2021,doi:10.1214/21-EJS1825; arXiv:2006.04613,2021,Electronic Journal of Statistics 15(1),Crossref,methods,Multicarving in p >> n with lasso selection,"Toeplitz rho=0.6, n=100, p=200, 5-sparse: adjusted power 0.67 single carving vs 0.73/0.61 multicarving; 'carving outperforms splitting with respect to power'; groups handled by partial F tests under splitting",supports,full text read (agent); Crossref venue,Plug-in sigma-hat; MCMC
panigrahi_taylor_2023,doi:10.1080/01621459.2022.2081575; arXiv:1902.07884,2023,JASA,S2,methods,Approximate selective MLE with randomization,Record verified; not read in full,mentions,metadata only (Semantic Scholar),Not read
panigrahi_macdonald_kessler_2023,arXiv:2012.15664,2023,JMLR,S2,methods,Randomized group lasso selective inference,Record verified; not read in full,mentions,metadata only,Not read
huang_etal_2025_group_lasso,arXiv:2306.13829; doi:10.1214/25-EJS2416,2025,Electronic Journal of Statistics,S2,methods,Randomized group lasso for general models; Wald-type regions with bounded volume,Abstract only,mentions,abstract (arXiv page fetched),Not read
panigrahi_fry_taylor_2022,arXiv:2212.12940,2022,arXiv preprint,n/a,methods,Exact pivot with randomization via bivariate truncated Gaussian,Abstract only: 'always produces narrower confidence intervals than a closely related data splitting procedure',mentions,abstract,Not read
kuchibhotla_kolassa_kuffner_2022,doi:10.1146/annurev-statistics-100421-044639,2022,Annual Review of Statistics and Its Application,S2,review,Post-selection inference review,Record verified; not read,mentions,metadata only,Not read
goeman_solari_2024,doi:10.1093/biomet/asad078; arXiv:2207.13480,2024,Biometrika 111(2):393-416,Crossref,theory,Selecting and conditioning in multiple testing and selective inference,"Observation 1 (Sec 4): for any conditional selective procedure U->S->R with E_P[e_P(R)|S] <= alpha there is an unconditional procedure R' superset R with E_P[e_P(R')] <= alpha (proof: take R' = R); Props 1-3 strict inadmissibility for any error rate; Prop 5 'data splitting and carving are inadmissible in general, at least for FWER control'; Sec 13: selection-adjusted inference without further adjustment is appropriate 'only if the choice of S not under the control of the analyst'; 'We do not have a general recipe for such improvements'",supports (principled critique: conditioning is never necessary for unconditional error control; but no recipe and no GOF discussion),full text read (agent); Observation 1 and Sec 13 quotes spot-checked by me; Crossref venue,Framework is multiple-testing error control over a universe of hypotheses; a single data-dependent GOF null is not treated; lasso example assumes sigma^2 known
shah_buhlmann_2018,doi:10.1111/rssb.12234; arXiv:1511.03334,2018,JRSS-B 80(1):113-135,Crossref,methods,Residual prediction (RP) tests,"Null is 'the sparse Gaussian linear model' in all p columns; OLS version finite-sample exact (Prop 1) and reduces to the F statistic when the RP method is OLS; lasso version with sqrt-lasso parametrisation, calibration 'heuristic' for Algorithm 1; power: 'RP tests can outperform the F-test ... most notably when the alternative is sparse ... small effects spread out across many variables ... the global test tends to do best'; group tests are for a fixed G ('we took Gc to be a randomly selected set')",supports (basis of gof_RPtest) but a data-chosen tested set is not covered,"full text read (agent, arXiv v4); Crossref venue",Post-selection use of RP tests is not discussed anywhere
jankova_etal_2020,doi:10.1111/rssb.12371; arXiv:1908.03606,2020,JRSS-B 82(3):773-795,Crossref,methods,Generalised RP tests for high-dimensional GLMs,Direction w from 'independent auxiliary sample (e.g. derived through sample splitting)' because otherwise 'w strongly dependent on R even under the null; as such calibration ... would be problematic'; group test needs X_G independent of the noise under the null,supports (explains why the lasso-added RP test is anti-conservative),full text read (agent); Crossref venue,Data-driven null model not discussed
verzelen_villers_2010,doi:10.1214/08-AOS629; arXiv:0711.2119,2010,Annals of Statistics 38(2),Crossref,theory,Minimax goodness-of-fit testing of a linear subspace against added variables,"Sparse alternatives: rate k log(p)/n (Prop 5, Thm 7); dense alternatives: sqrt(p)/n (Prop 6); Fisher test on all p added variables attains sqrt(p)/n when n > (1+gamma)p and is rate-optimal for k > sqrt(p)",supports (explains powerlessness of the all-unselected RP test and sets the target rate for a sparse-directed test),full text read (agent); Crossref venue,Validity after selection not treated; random Gaussian design; note the seed arXiv id in my brief was wrong and corrected by the reader
dhawan_guo_shah_2026,arXiv:2607.28861,2026,arXiv preprint,n/a,methods,Debiased score test: hunt-and-test for semiparametric hypotheses,"Splits data: 'on one part, after fitting the null model, machine learning is used to identify a promising direction in the empirical scores; on the other, we test whether the score vanishes in that direction'; Thm 1/Cor 1 uniform asymptotic normality under product-rate condition; contains PCM and RP tests as special cases; null class F is prespecified",supports (closest current split-based GOF framework),full text read (agent); abstract fetched by me,Data-selected null class not discussed; no sparse/dense or p>n analysis
guo_shah_2024,doi:10.1093/jrsssb/qkae091; arXiv:2301.02739,2024,JRSS-B,Crossref,methods,Rank-transformed subsampling for aggregating p-values over many random splits,Thm 1 asymptotic level under exchangeable pivotal statistics; Sec 4.1 hunt-and-test lack-of-fit test for a linear regression function; generalised RP tests 'could equally well benefit',supports (derandomising split/fission tests),full text read (agent); Crossref venue,Asymptotic; m = n/log n subsampling
he_chen_zhu_2025,doi:10.1080/01621459.2025.2529602,2025,JASA 121(553):536-547,Crossref,methods,Goodness-of-fit assessment for general learning procedures in high dimensions via data splitting and cumulative covariance of residuals,"Abstract only: 'leverages data-splitting, using the test set to evaluate the black-box learner trained on the training set'",mentions (potentially relevant; unread),abstract only (paywalled; no open version found),Whether the learner may be a variable-selection procedure is not determinable from the abstract
qiu_gu_2025,doi:10.3150/24-BEJ1811,2025,Bernoulli 31(3):2434-2458,Crossref,methods,F statistics for multiple covariates of interest adjusting for high-dimensional controls,Only the abstract sentence 'estimate and conduct inference for the effects of multiple covariates of interest simultaneously after adjusting the impact of high-dimensional control variables' verified,mentions (unread),abstract only (no open version found),Regime and limit distribution unverified
tan_etal_2024,arXiv:2412.10721 (v3 2025),2024,arXiv preprint,n/a,methods,Projection-based GOF test for ultra-high-dimensional sparse GLMs,Null H0: E[Y|X] = mu(beta0'X) with a penalized estimator satisfying rate condition (A1); 'we do not require the variable selection consistency'; splitting used only to estimate projections,partially supports (omnibus GOF with penalised fit; selection effect absorbed in rates),full text read (agent),No post-selection guarantee; null is the full sparse model
barber_janson_2022,arXiv:2007.09851,2022,Annals of Statistics (per citing sources; not verified by me),unverified,methods,Approximate co-sufficient sampling for GOF,Finite-sample Type I bound alpha + 3 sigma r(theta0) + ...; high dimensions listed as open,mentions,full text read (agent),Twice-differentiable penalties only in this paper
zhu_barber_2023,arXiv:2309.08063; doi:10.1214/26-EJS2569,2023,Electronic Journal of Statistics (per Semantic Scholar),S2,methods,aCSS with l1 penalty in high-dimensional Gaussian linear models,Thm 5.2 extends aCSS to l1-penalised MLE; null is the full sparse model with known noise level; power relies on choosing sigma large enough,partially supports,full text read (agent),Null is not a selected submodel; Gaussian; approximate guarantee
lundborg_etal_2024,doi:10.1214/24-AOS2447; arXiv:2211.02039,2024,Annals of Statistics 52(6),Crossref,methods,Projected covariance measure for conditional mean independence,"Thm 4 uniform asymptotic validity under product-rate condition E_{P,1}E_{P,2} = o_P(n^{-1}); Sec 3.2 'testing whether X is significant is closely connected to goodness-of-fit testing for the null model'; Prop 3 high-dimensional Z via (sqrt-)lasso under s log(d_Z)/sqrt(n) -> 0; heteroscedasticity allowed",supports (assumption-lean template),full text read (agent); Crossref venue,One-sided; null model fixed in advance
rinaldo_etal_2019,doi:10.1214/18-AOS1784; arXiv:1611.05401,2019,Annals of Statistics 47(6),Crossref (3 authors on Crossref; arXiv v2 lists 4 authors incl. Lei),theory,Assumption-lean inference for projection parameters after selection via sample splitting,'the law of the projection parameter cannot be consistently estimated without sample splitting'; Thm 2 Bonferroni-normal rectangles with k = o(n^{1/5}); 'There is a price to pay for sample splitting ... inference-prediction tradeoff',supports (assumption-lean target definition),full text read (agent); Crossref venue,Adequacy test of the selected model not discussed
shah_peters_2020,doi:10.1214/19-AOS1857,2020,Annals of Statistics,S2,theory,Generalised covariance measure,Record verified; not read,mentions,metadata only,Not read
zhao_witten_shojaie_2021,arXiv:1705.05543,2021,Statistical Science (per S2 search results; DOI not resolved by me),unverified,theory,Naive OLS after lasso targets the sub-model parameter,Thm 2.3 asymptotic normality around beta^(M); critique of conditional SI is about the target ('difference in the target of inference') not validity; 'We do not advocate applying the naive two-step approach',mentions,full text read (agent),Requires non-adaptive lambda and irrepresentable-type condition
bachoc_preinerstorfer_steinberger_2020,doi:10.1214/19-AOS1815,2020,Annals of Statistics,S2,theory,Uniformly valid (PoSI-type) intervals,Record verified; not read,mentions,metadata only,Not read
berk_etal_2013,doi:10.1214/12-AOS1077,2013,Annals of Statistics,S2,theory,PoSI simultaneous inference,Record verified; not read,mentions,metadata only,Not read
zrnic_fithian_2024,doi:10.1214/24-AOS2391; arXiv:2212.09009,2024,Annals of Statistics 52(3),Crossref,theory,Locally simultaneous inference,"Locally simultaneous inference: spend part of alpha to find plausible targets, then a simultaneous correction; 'strictly dominates its underlying simultaneous inference method'; Sec 4 covers lasso and forward stepwise via PoSI over plausible models",mentions (interval method; hypothesis testing listed as future work),full text read (agent); Crossref venue,Known P0 location family; nested-model tests not discussed
dharamshi_zou_witten_2026,arXiv:2606.29732,2026,arXiv preprint,n/a,methods,Testing via orthogonalization with added/subtracted symmetric noise; post-selection extension,"Add and subtract symmetric noise: X1 = X+W, X2 = X-W; orthogonalise X2 against X1 under H0 (Prop 2) and test the moment condition with a cross-fitted debiased chi^2 Wald statistic (Thm 1-2); post-selection extension Alg 3 selects a hypothesis on X1 and tests using both pieces (Thm 4, asymptotic); 'neither requires pre-specification of the selection mechanism'",partially supports (generic post-selection testing framework; regression / nested models / GOF not worked out),full text read (agent); abstract quote spot-checked by me,"Asymptotic only; power depends on test function g and noise scale; case studies are two-sample, clustering, changepoints"
battey_rasines_tang_2025,arXiv:2507.10373,2025,arXiv preprint,n/a,theory,Post-reduction inference for confidence sets of models via sufficiency/co-sufficiency separations,"Motivating problem: after a lasso/Cox reduction E-hat, 'a likelihood ratio test of E_m subset E-hat against E-hat typically rejects too often'; remedy: direction-free co-sufficient test (Q = U'Y/||U'Y|| uniform on the sphere; a single Q 'has no power') using k Gaussian-randomised pseudo-replicates combined by a high-dimensional Rayleigh test (Prop 5.1, Thm 5.1) plus an ancillary chi^2 test; unknown sigma^2 via refitted cross-validation; 'the double use of the data is only problematic if the overfitted E-hat is used as a basis for comparison of fit'; their simulations: 'These high information settings are, however, cases where the split F test dominates the rest'",supports (closest existing treatment of model adequacy after data-driven reduction; direct competitor/benchmark),full text read (agent); four quotes spot-checked by me,Direction-free test likely loses power against a specific enlargement M1; asymptotic coverage; ancillary test calibration 'compromised in small samples once sigma^2 is estimated'
battey_reid_2026,arXiv:2603.27718,2026,arXiv preprint,n/a,theory,Induced replication and model assessment,"Induced replication: pseudo-replicates U_j(psi0) that are iid uniform iff the postulated model holds, combined by Fisher's method; linear-model version recasts Battey-Rasines-Tang via cosines between pseudo-replicates; simulations use d=15 with no reduction, where 'there would be no advantage to using anything other than a likelihood-ratio test'",mentions (Fisherian model-assessment angle; not a post-selection method per se),full text read (agent),Plain co-sufficient tests have 'little or no power without modification'
ebrahim_2026,arXiv:2609.06413,2026,arXiv preprint,n/a,methods,Shrinkage invalidates the Hosmer-Lemeshow test after penalized logistic regression,Abstract: ridge shrinkage induces a non-centrality so the usual reference distribution is wrong; corrected test,mentions (adjacent: GOF after penalized fitting),abstract,"Not read; logistic, not selection"
shi_wang_ding_2025,doi:10.1214/24-AOS2454,2025,Annals of Statistics,Crossref,methods,Forward selection and post-selection inference in factorial designs,Record verified only,mentions,metadata only,Not read
loftus_2015_cv,arXiv:1511.08866,2015,arXiv preprint,n/a,methods,Selective inference after cross-validation via quadratic constraints,Abstract: CV test error is a quadratic form; framework of Loftus et al. (2015) applies,mentions,abstract,Described as 'highly over-conditioned' by Sugiyama et al.
markovic_xia_taylor_2017,arXiv:1703.06559,2017,arXiv preprint,n/a,methods,Unifying approach to selective inference with applications to CV,Record verified,mentions,metadata only,Not read
lockhart_etal_2014,doi:10.1214/13-AOS1175,2014,Annals of Statistics,S2,methods,Covariance test for the lasso,Record verified,mentions,metadata only,Not read
tibshirani_rinaldo_tibshirani_wasserman_2018,doi:10.1214/17-AOS1584,2018,Annals of Statistics,S2,theory,Uniform asymptotic inference and bootstrap after selection,Record verified,mentions,metadata only,Not read
han_sen_shen_2022,arXiv:2010.03145; doi:10.1214/21-AOS2111,2022,Annals of Statistics,S2,theory,High-dimensional asymptotics of LRT under convex constraints; power non-uniform in Euclidean metric,Abstract,mentions,abstract,Possible tool for power theory of F-type tests
bradic_fan_zhu_2022,arXiv:1802.09117; doi:10.1214/19-AOS1932,2022,Annals of Statistics,S2,theory,Non-testability results in high-dimensional linear models,Abstract,mentions,abstract,
sengupta_janson_2024,arXiv:2406.18390,2024,arXiv preprint,n/a,methods,"l-test: lasso-based coefficient test with exact post-selection adjustment, n >= d",Abstract,mentions,abstract,Requires n >= d
dzemski_okui_wang_2025,arXiv:2502.20917,2025,arXiv preprint,n/a,theory,Location problem of one-sided polyhedral conditional intervals,Abstract: interval 'may shift far to the left of zero'; does not arise with randomized response,mentions,abstract,
goeman_vandegeer_vanhouwelingen_2006,doi:10.1111/j.1467-9868.2006.00551.x,2006,JRSS-B,S2,methods,Global test against a high-dimensional alternative,Record verified,mentions,metadata only,
zhong_chen_2011,doi:10.1198/jasa.2011.tm10284,2011,JASA,S2,methods,Tests for high-dimensional regression coefficients,Record verified,mentions,metadata only,
tian_loftus_taylor_2018,doi:10.1093/biomet/asy045; arXiv:1504.08031,2018,Biometrika,S2,methods,Selective inference with unknown variance via the square-root lasso,Record verified,mentions,metadata only,Not read
neufeld_etal_2024_thinning,arXiv:2301.07276,2024,JMLR,S2,methods,Data thinning for convolution-closed distributions,Record verified,mentions,metadata only,Not read
dharamshi_etal_2025_generalized_thinning,doi:10.1080/01621459.2024.2353948,2025,JASA 120(549):511-523,Crossref,methods,Generalized data thinning using sufficient statistics,Record verified,mentions,metadata only,Not read
fry_panigrahi_taylor_2025,doi:10.1080/01621459.2024.2412172,2025,JASA 120(549),Crossref,methods,Assumption-lean data fission with resampled data,Record verified,mentions,metadata only,Not read
